ticket_text,category,urgency,urgency_stated,label_noise
A billing contact on our team cannot see the integrations page at all. Our developer confirmed the same behaviour on Android 15. Happy to provide more detail if useful.,Login/Access,Medium,false,false
"Hello, Please move our billing cycle from monthly to annual on the free plan. It affects one part of our workflow which msans it is more of an irritation than a problem and no particular deadline from our side?!",Billing,Medium,true,false
I can log in on desktop but the mobile app rejects the same credentials.,Login/Access,Critical,false,false
"Hello support, Api latency went from milliseconds to several seconds for the last 48 hours Looking forward to your reply",Technical Issue,Low,false,false
"Hello support, We would adopt this much faster a native mobile app existed. Looking forward to your reply.",Feature Request,Medium,false,false
"hi folks, the onboarding flow takes over 20 minutes to load for everyone on our team. only i have noticed it so far, absolutely no rush on this. cheers.",Technical Issue,Low,true,false
Could the search bar support multi-currency support at some point. Let me know.,Feature Request,Low,false,true
The total on the project timeline shows a different number than the export. We need someone on this immediately. Let me know.,Bug Report,Critical,true,false
"Hi there, We have had to build a manual workaround to cope. I want to cancel the subscription and get a reund of $79. Please advise.",Billing,High,true,false
"Hello support, The tax rate applied to invoice ord-88190 looks wrong for our region. Nobody else has even mentioned it. Let me know if you need screenshots.",Billing,Low,true,false
The account recovery flow keeps asking for A code it never sends. It is costing us hours every day.,Login/Access,High,true,false
"Hi support, I would like to update the billing address address on our account. It is purely cosmetic, we aer not blocked in any way. Thanks for your time.",Billing,Low,true,false
"Hello support, Is saved filters something that exists today or am i missing it. Tried again a few hours later with the same result.",General Inquiry,Low,false,false
"A tooltip on the integrations page has a typo in it. It shows up every now and then and it is more of an irritation than a problem, so no particular deadline from our side. Reproduced by 1,800 different people here.",Bug Report,Medium,true,false
It would be really useful to have granular notification settings in the settings page Screenshots attached Looking forward to your reply,Feature Request,Low,false,false
We are falling behind on a deadline because of it. Submitting the form deletes the existing record instead of updating it. Please advise.,Bug Report,High,true,false
"Hello, The export contains another customer's rows mixed into ours. This has taken out our live environment, so oud own customers are already complaining.",Bug Report,Critical,true,false
"A small suggestion, saved filters would save our our team a lot of clicks. Not one person here can get anything done - please escalate this right now. Appreciate the help.",Feature Request,Critical,true,false
"Dear support team, A tooltip on the reports page has a typo in it. Just noting IT for the record. Thanks!",Bug Report,Low,true,false
"Hello, Archived records still show up in the team management screen by default. uOr developer confirmed the same behaviour on Windows 11. Thanks in advance.",Bug Report,Low,false,false
"Good morning, export contains another customer's rows mixed into ours.",Bug Report,Critical,false,false
an option to disable the default behaviour in the api console would help.,Feature Request,Low,false,false
Can you send a statement of all charges since 2026-08-14. Let me know if you need screenshots.,Billing,Low,false,false
"Hello, Uploading a file over 25 mb fails silently with no error shown. No response needed really. I have already tried clearing the cache and reinstalling. Thanks for your time.",Bug Report,Low,true,false
"Why did our bill jump from $129.00 to $4,812.00 with no plan change. Nothing is actually blocked beccause of it, sometime in the next few weks would be fine. Thanks!",Billing,Medium,true,false
"Hey, DOES the enterprise plan include custom dashboards. Sometime in tue next few weeks would be fine.",General Inquiry,Medium,true,false
Do you offer training esssions for new manager accounts. Please advise.,General Inquiry,Low,false,false
The chart renders an empty axis when a series has zero values Nobody else has even mentioned it and everything else works perfectly well,Bug Report,Low,true,false
We are being billed for 40 seats but only have 25 active users. It is affecting a few people here. Thanks in advance.,Billing,High,true,false
do you offer training sessions for new guest collaborator accounts our developer confirmed the same behaviour on ios 18.1,General Inquiry,Low,false,false
"Morning, How do i invite a billing contact to our workspace Most of out guest collaborator accuonts are running into it Any help appreciated",General Inquiry,High,true,false
every single user is affected and executives are asking for updates every few minutes which means please treat this as a severity one incident editing a admin and saving silently reverts the change let me know if you need screenshots,Bug Report,Critical,true,false
I want to cancel the subscription and get a refund of £320. We are falling behind on a deadline because of it and we would like an update today if you can manage it.,Billing,High,true,false
"Hi support, We would love to see two-way calendar sync integrated with segment It is a single screen and nothing else, so we are blocked in any way and genuinely not a priority for us Our workspace has about 200 users Appreciate the help",Feature Request,Low,true,false
we would like an api endpoint that mirrors an audit trail.,Feature Request,Medium,false,false
"Hello, The date filter returns results outside the range i selected. A good portion of our users hit this daily and flagging this as important on our side. It happens on Safari on iOS 18 as well. Cheers.",Bug Report,High,true,false
"Morning, Any chance you could support saved filters for starter customers It is a single screen and nothing else Appreciate the help",Feature Request,Low,true,false
"Hi support, Nobody else has even mentioned it, so we are not blocked in any way, so absolutely no rush on this. Archived records still show up in the webhook manager by default. Thanks for your time.",Bug Report,Low,true,false
Hi there Dns resolution for your api endpoint fails from our region. Let me know.,Technical Issue,High,false,false
My session expires after a couple of minutes and logs me out. It comes up maybe once a day.,Login/Access,Medium,true,false
"Hello support, Percentages on the summary card do not add up to 100. It is spreading to more of the team as we onboard which means hoping for a quick turnaround if at all possible. Looking forward to your reply.",Bug Report,High,true,false
"Hey, Our card on file keeps failing even though the bank confirms it is fine. A good portion of our users hit this daily, our release this week is at risk, so we need this sorted before the end of the week. Appreciate the help.",Billing,High,true,false
"Hi folks, The nightly export job has been timing out since tuesday.",Technical Issue,High,false,false
"Morning, A read-only user on our team cannot see the reports page at all. This keeps coming up and we are tired of it. Any help appreciated.",Login/Access,Medium,true,false
"Why did our bill jump from £320 to $1,204.50 with no plan change. Ticket raised on behalf of our workspace owner.",Billing,Medium,false,true
"Morning, The rate applied to invoice ord-88190 looks wrong for our region. Moderately important from where we sit. Our workspace has about 25 users.",Billing,High,true,false
"Hello support, The retry logic gets stuck in a loop because /api/webhooks returns 504. It comes up maybe once a day, would be good to have this fixed eventually. Reference ORD-44812 if that helps!!!!",Technical Issue,Medium,true,false
"Hi support, The account recovery flow keeps asking for a code it never sends. It is spreading to more of the team as we onboard and it is costing us hours every day. Looking forward to your reply.",Login/Access,High,true,false
"Good morning, Clicking save on tge notifications panel wipes thhe form and loses my input. Not one person here can get anyhing done and we need an emergency fix today. Looking forward to your reply!!",Bug Report,Critical,true,false
"Hey, Where can i find documentation for the settings page. Everything else works perfectly well. Logged from our Scale workspace. Thanks for your time.",General Inquiry,Low,true,false
The /v2/events endpoint returns 403 intermittently. Please advise.,Technical Issue,High,false,false
Which regions do you host data in No particular deadline from our side Cheers,General Inquiry,Medium,true,false
"hello support, our whole workflow has stopped dead. we were billed $18,300 for seats we cancelled and the card has already been debited.",Billing,Critical,true,true
any chance you could support jira integration for free customers!!,Feature Request,Low,false,false
"Dear support team, We would adopt this much faster if role-based permissions existed. A good portion of our users hit this daily - it is costing us hours every day. We are on the Pro plan. Let me know if you need screenshots.",Feature Request,High,true,false
It would be really useful to have scheduled reports in the notifications panel Only i have noticed it so far,Feature Request,Low,true,false
I need a copy of the receipt for ord-44812 for finance team. Ticket raised on behalf of our workspace owner.,Billing,Low,false,false
Can you send a statement of all charges since 2026-07-29 Cheers,Billing,Low,false,false
Can you explain the proration line item of $79 on our last invoice Our own customers are already complaining this absolutely cannot wait Logged from our Enterprise workspace,Billing,Critical,true,false
Responses from /v1/exports have been returning truncated payloads.,Technical Issue,Medium,false,false
"Hi support, Do you offer training sessions for new admin accounts. It does not really affect anything we do which means everything else works perfectly well, genuinely not a priority for us. Let me know if you need screenshots.",General Inquiry,Low,true,false
"Password reset says the account does not exist but i receive your billing email We have had to build a manual workaround to cope, our team lead HAS asked me to chase this",Login/Access,High,true,false
"team, the csv export is missing the last column on every row. nothing is actually blocked because of it. thanks for your time.",Bug Report,Medium,true,false
"good morning, we have a security review today and need your compliance documentation now. reproduced by 12 different people here. thanks!",General Inquiry,Medium,false,false
"Hello support, The column widths on the invoice list reset every time i navigate away. Everything else works perfectly well, so please put it at the very bottom of the queue. Thanks for your time.",Bug Report,Low,true,false
"hello support, our whole workflow has stopped dead and please escalate this right now. we need sso with okta before we can roll this out to 3 people.",General Inquiry,Critical,true,true
Who should i talk to about a renewall conversation. Please advise.,General Inquiry,Medium,false,false
"Hey, The auto-renewal took $49 out our ACCOUNT without any notice We need an emergency fix today Screenshots attached Looking forward to your reply",Billing,Critical,true,false
"hello, a tooltip on the reports page has a typo in it. we would like an update today if you can manage it. thanks!!!",Bug Report,High,true,false
"the ssl certificate on your api host looks like it is misconfigured. not one personn here can get anything done, so we have an active incident open on our side, we need someone on this immediately. thanks for your time.",Bug Report,Critical,true,true
"Good morning, The login page rejects my correct password in safari on ios 18 but works elsewhere. It slows us down a little. Let me know.",Login/Access,Medium,true,false
"Hi team, It would be raelly useful to have granular notification settings in the settings page. Only i have noticed it so far, so just noting it for the record!!",Feature Request,Low,true,false
"Hey, I get a 403 when opening the webhook manager even though i am a manager. It slows us down a little.",Login/Access,Medium,true,false
"Hi support, We see 404 errors in our logs for roughly 60 requests per minute. We owuld really appreciate a fix within a day or two. I am on Chrome on Android running Windows 10. Let me know if you need screenshots.",Technical Issue,High,true,false
"Morning, The form accepts an invalid email address and saves it without complaint.",Bug Report,Medium,false,false
Password reset says the account does not exist but i receive your billing email. Our launch today is at risk. this is urgent in the strongest sense of the word. Appreciate the help.,Login/Access,Critical,true,false
"Hi folks, Our account was suspended for non payment even though the invoice is paid. Let me know!!",Billing,Critical,false,false
"Good morning, I would like to update the billing address on our account. We can work around it for now - would be good to have this fixed eventually!!!!",Billing,Medium,true,false
"Hello support, A regression since the last release broke the filter on the notifications panel It shows up every now and then which means nothing is actually blocked because of it",Technical Issue,Medium,true,true
"Hey, Our contract renewal depends on two-way calendar sync being available It affects one part of our workflow",Feature Request,Medium,true,false
"please add role-based permissions, every competitor we evaluated has it. it is eating into time we do not have. we are on the pro plan. let me know.",General Inquiry,High,true,true
The nightly export job hws been timing out since tuesday. We are on the Starter plan. Thanks for your time.,Technical Issue,Critical,false,false
"Hi support, Nobody else has even mentioned it and we are not blocked in any way, so just noting it for the record. Timestamp display in utc on the export tool but in local time everywhere else. Reproduced by 60 different people here. Thanks for your time.",Bug Report,Low,true,false
"it does not really affect anything we do - nothing depends on this at all. we occasionally see a retry warning in the logs, is that expected. get back to me when you can.",Technical Issue,Medium,true,true
"Good morning, What is the difference between the scale and team plans. Nothing depends on this at all. Reference ORD-88190 if that helps.",General Inquiry,Low,true,false
"Hello support, TThe retry logic gets stuck in a loop because /v2/search returns err_connection_reset. Whenever you happen to get to it is fine. Appreciate thhe help!!",Technical Issue,Low,true,false
"hi folks, nobody else has even mentioned it, so whenever you happen to get to it is fine. how do i rotate the api key on my account. get get back to me when you can.",Login/Access,Low,true,false
It would be nice if the project timeline remembered my last filter.,Feature Request,Low,false,false
The total on the admin console shows a different number than the export It comes up maybe once a day and we have a manual fallback that works Looking forward to your reply,Bug Report,Medium,true,false
I get a blank white screen on the export tool in edge 131.,Bug Report,Critical,false,false
"hi team, the search bar ignores hyphens so no results come back for hyphenated names. it matters to us but we are not on fire. happy to provide more detail if useful.",Bug Report,High,true,false
"Hi support, I would ilke to update the billinng address on our account. Genuinely not a priority for us. I checked the documentation first and could not find anything!!!",Billing,Low,true,false
"Hi support, It is a single screen and nothing nothing else which means no response needed really Is a native mobile app something that exists ttoday or am i missing it Our developer ocnfirmed the same behaviour on macOS 15.2",General Inquiry,Low,true,false
"Hello, A failed payment has locked our whole workspace out of the notifications panel Our whole workflow has stopped dead and our executives are asking for updates every few minutes we need a call as soon as humanly possible",Billing,Critical,true,false
hi team the retry logic gets stuck in a loop because /v2/orders returns 504. a good portion of our users hit this daily - it is eating into time we do not have. please prioritise this above the rest of our queue. let me know.,Technical Issue,High,true,false
"Good morning, Only i have noticed it so far. absolutely no rush on this. Api latency went from milliseconds to several seconds ever since the weekend. Let me know.",Bug Report,Low,true,true
"hi folks, we would love to see a sandbox environment integrated with hubspot. it is purely cosmetic. tried again ten minutes later with the same result.",General Inquiry,Low,true,true
I get a blank white screen on the team management screen in chrome on android. Pease treat this as a severity one incident. Thanks in advance.,Bug Report,Critical,true,false
"Hi there, Archived records still show up in the audit log by default. Nobody else has even mentioned it, this has zero impact on our work and genuinely not a priority for us. Tried again ten minutes later with the same result. Appreciate the help.",Bug Report,Low,true,false
"Hi folks, Bulk selecting rows and applying an action only affects the first one. It is affecting a few people here.",Bug Report,High,true,false
"Hi there, We have a security review today and need your compliance documentation now. This hsa taken out our live environment - we are losing revenue by the minute. Reference INV-20415 if that helps. Let me know if you need screenshots.",General Inquiry,Critical,true,false
It does not really affect anything we do and just noting it for the record. Requests from our windows 11 build fail with 503 but curl works fine. Let me know if you need screenshots!!,Technical Issue,Low,true,false
"Good morning, The api returns results in a different order between calls It does not really affect anything we do, so this has zero impact on our work Let me know if you need screenshots",Technical Issue,Low,true,false
Nothing is actually blocked because of it. worth looking at when you get a chance. Throughput dropped by by half for the last 48 hours with no change on our side. Let me know if you need screenshots.,Technical Issue,Medium,true,false
"Hi support, The modal on the permissions matrix cannot be closed once it opens in safari 18. This is MORE disruptive than it probably sounds. Our developer confirmed the same behaviour on Debian 12.",Bug Report,High,true,false
"Dear support team, We see 503 errors in our logs for roughly 200 requests per minute. Only a handful of us run into it. This started since the last release. Please advise.",Technical Issue,Medium,true,false
"Morning, The refund for ord-44812 was approved for THE last 48 hours but has not landed. Logged from our Enterprise workspace. Thanks!?!",Billing,Medium,false,false
"Hey, I would like to add a seocnd admin to our account. is purely cosmetic.",Login/Access,Low,true,false
"Dear support team, It affects a large part of our daily workflow, we have had to build a manual workaround to cope. I lost my phone and cannot get past the mfa prompt. Thanks!",Login/Access,High,true,false
The websocket connection to the billing portal keeps dropping and reconnecting. Please advise.,Technical Issue,Medium,false,false
"The credit note you issued for txn-3391082 never appeared on our statement. We can work around it for now, so worth looking at when you get a chance. Thanks in advance.",Billing,Medium,true,false
"can you explain the proration line item of $18,300 on our last invoice. it affecting a few people here. our workspace has about 40 users. let me know if you need screenshots.",Billing,High,true,false
"Dear support team, The websocket connection to the search bar keeps dropping and reconnecting. It is spreading to more of the team as we onboard and hoping for a quick turnaround if at all possible. Cheers.",Technical Issue,High,true,false
could you expose slack notifications through the /v2/orders endpoint. not critical but certainly not trivial either. i am on safari 18 running android 15.,Feature Request,Medium,true,false
"Hi team, The websocket connection to the analytics view keeps dropping and reconnecting. It affects a large part of our daily workflow and it is eating into time we do not have. Get back to me when you can.",Technical Issue,High,true,false
A good portion of our users hit this daily which means hoping for a quick turnaround if at all possible. Bulk imports of 12 records stall halfway through with no error. Thanks!,Technical Issue,High,true,false
"Pagination skips the first item on page two. Only a handful of us run into it and nothing is actually blocked because of it, so no particular deadline from our side. Ticket arised on behalf of our manager!!!",Bug Report,Medium,true,false
"Hello support, Our 7 new hires cannot accept their workspace invitations. Our workspace has about 7 users. Thanks!",Login/Access,Critical,false,false
"Hello, A couple of people have noticed it, no particular deadline from our side. The refund for tkt-10233 was appoved all week but has not landed. Thanks for your time.",Billing,Medium,true,false
"hi folks, any chance you could support dark mode for starter customers. this has zero impact on our work. cheers.",Feature Request,Low,true,false
"Dear support team, We occasionally see a retry warning in the logs, is that expected.",Technical Issue,Medium,false,true
Nobody on the team can work at all and our launch today is at risk. we nedd a call as soon as humanly possible. My account is locked after a few failed attempts and will not unlock. We are on the Enterprise plan.,Login/Access,Critical,true,false
"Hi team, It is a single screen and nothing else, so genuinely not a priority for us. I would like to update the billing address on our account. Thanks in advance.",Billing,Low,true,false
"Good morning, Dns resolution for your api endpoint fails from our region. This affects every customer we have and we are losing revenue by the minute, so we need a cal as soon as humanly possible. Looking forward to your reply.",Technical Issue,Critical,true,false
"Hey, Is the user directory covered by your uptime commitment. It does not really affect anythibg we do which means we are not blocked in any way and absolutely no rush on this. Looking forward to your reply!!",General Inquiry,Low,true,false
"dear support team, we downraded from free to business buut were still billed the old rate. please advise.",Billing,Medium,false,false
"Hello support, We occasionally see a retry warning in the logs, is that expected. It does not really affect anything we do, genuinely not a priority for us. I am on Safari 18 running macOS 15.2.",Technical Issue,Low,true,false
"Hello support, Data entered yesterday has disappeared from the settings pge entirely. Logged from our Growth workspace. Happy to provide more detail useful.",Bug Report,High,false,false
"Hi team, Any chance you could support role-based permissions for team customers. Nothing depends on this at all which means just noting it for the record. Let me know if you need screenshots.",Feature Request,Low,true,false
"Hey, The refund for ord-44812 was approved for about three days but has not landed. This has zero impact on our work - absolutely no rush on this. Our workspace has about 1,800 users. Thanks!",Billing,Low,true,false
"Hello, It is getting noticeably worse week on week, so we would really appreciate a fix within a day or two. Enforcing mfa locked out every user who had not enrolled yet. Reference REF-77120 if that helps.",Login/Access,High,true,false
hTe chart renders an empty axis when a series has zero values Appreciate the help,Bug Report,Low,false,false
The console throws a null reference error when i open the onboarding flow. It slows us down a little. sometime in the next few weeks would be fine. This started for the last 48 hours.,Bug Report,Medium,true,false
"Hey, Nothing depends on this at all Could you add our company registration number to future invoices",Billing,Low,true,false
"Morning, How long does it usually take for support to respond. Only i have noticed it so far - this has zero impact on our work which means just noting it for the record. Let me know.",General Inquiry,Low,true,false
"Good morning, Only i have noticed it so far and we are not blocked in any way What is the recommended way to structure teams for 3 users",General Inquiry,Low,true,false
"Hello, We are hitting a rate limit of 200 requests and cannot complete a sync. It affects one part of our workflow. Thanks in advance.",Technical Issue,Medium,true,false
"nobody else has even mentioned it and everything else works perfectly well, please put it at the very bottom of the queue. we see econnrefused errors in our logs for roughly 40 requests per minute.",Technical Issue,Low,true,false
"hi there, the console throws a null reference error when open the integrations page. moderately important from where we sit.",Bug Report,High,true,false
"Good morning, Only i have noticed it so far which means just noting it for the record. The dae filter returns results outside the range i selected. Thanks!",Bug Report,Medium,true,true
"Hi support, Our 1,800 new hires cannot accept their workspace invitations. We are in breach of our sla AS of this morning. Appreciate the help.",Login/Access,Critical,true,false
Hi support How long does it usually take for support to respond. I am on Safari on iOS 18 running Debin 12. Let me know.,General Inquiry,High,false,false
i want to switch my lkgin email to a different address,Login/Access,Low,false,false
"Hey, The console thhrows a null reference error when i open the user directory. Moderately important from where we sit. Cheers.",Bug Report,Medium,true,false
"Dear support team, The login page rejects my correct password in chrome on android but works elsewhere. We have active incident open on our side. Tried again about an hour later with the same result.",Login/Access,Critical,true,true
"Hi folks, Bulk selecting rows and applying an action only affects the first one Our workspace has about 3 users Happy to provide more detail if useful",Bug Report,Medium,false,false
"Hi there, We are losing revenue by the minute. The netsuite sync has been failing with 504!!",Technical Issue,Critical,true,false
"Morning, I can log in on deskgop but the mobule app rejects the same credentials. We hhave an ctive incident open on our side and please escalate this right now. This started zince the last release. Let me know if you need screenshots.",Login/Access,Critical,true,false
"hi folks, not critical but certainly not trivial either the magic link expires before i can click it thanks!",Login/Access,Medium,true,false
"Hi there, Connections to your service drop after about three days. Let me know.",Technical Issue,Medium,false,false
"Good morning, Eery request to /api/auth/token has returned 502 since yesterday. It does not really affect anything we do which means nothing depends on this at all. Let me know if you need screenshots.",Technical Issue,Low,true,false
Enforcing mfa locked out every user who had not enrolled yet. It affects a large part of our daily workflow. Get back to me when you can.,Login/Access,High,true,false
"Hi support, A couple of people have noticed it, so no particular deadline from our side. We work around the lack of webhook retries with a spreadsheet today. Thanks for your time!!!",Feature Request,Medium,true,false
Connections to your service drop after about about an hour. It changes nothing about how we use the product which means just noting it for the record. Tried again 45 seconds later with the same result. Cheers.,Technical Issue,Low,true,false
"Hi support, The export contains another customer's rows mixed into ours. Our workspace has about 1,800 users. Looking forward to your reply.",Bug Report,High,false,false
"Dear support team, How do i invite a read-only user our workspace. Tried again two hours later with the same result. Happy to provide more detail if useful.",General Inquiry,Medium,false,false
"Hey, It does not really affect anything we do. An option to disable the default behaviour in the api console would help. Tried again three days later with the same result. Let me know.",Feature Request,Low,true,false
"Hi support, The invoice for 2026-07-29 has the wrong vat number on it. Sometime in the next few weeks would be fine. Tried again aout an hour later with the same result. Thanks for your time.",Billing,Medium,true,false
"Hello, The console throws a null reference error when i open the permissions matrix. Reference REF-77120 if that helps. Appreciate the help.",Bug Report,Medium,false,false
"The magiic link expires before i can click it. A whole department is working around this, so hoping for a quick turnaround if at all possible. Lookign forward to your reply.",Login/Access,High,true,false
"Dear support team, An option to disable the default behaviour in the project timeline would help It comes up maybe once a day, so just putting it on your radar Screenshots attached Appreciate the help",Feature Request,Medium,true,false
are there best practices for organising the export tool at scale. would be good to have this fixed eventually.,General Inquiry,Medium,true,false
what is the recommended way to structure teams for 12 users. most of our admin accounts are running itno it and we would really appreciate a fxi within a day or two. cheers.,General Inquiry,High,true,false
"Hi team, Requests from our windows 11 build fail with 403 but curl works fine. Our team lead has asked me to chase this. Appreciate the help.",Technical Issue,High,true,false
Nothing is actually blocked because of it. Responses from from /v1/exports have been returning truncated payloads!!,Technical Issue,Medium,true,false
"Hello, An option to disable the default behaviour in the analytics view would help. Thanks in advance.",Feature Request,Medium,false,false
"Hello, It does not really affect anything we do and genuinely not a priority for us. Our team keeps asking for role-based permissions, is it planned. Thanks in advance.",Feature Request,Low,true,false
"Hello support, A couple of pepole have noticed it, so it slowe us down a little and would be good to have this fixed eventually The websocket connection to the admin console keeps dropping and reconnecting Appreciate the help",Bug Report,Medium,true,true
TThe console throws a null reference error when i open the search bar. It is costing us hours every day. I checked the documentation first and vould not find anything. Get back to me when you can.,Technical Issue,High,true,true
"morning, throughput dorpped by half for the last 48 hours with no change on our side. it is purely cosmetic. i am on firefox 133 running windows 10. appreciate thee help.",Technical Issue,Low,true,false
"Good morning, The modal on the intgrations page cannot be closed once it opens in chrome 131.",Bug Report,Critical,false,false
"Dear support team, The /v2/events endpoint returns 502 intermittently.",Technical Issue,Critical,false,false
"Hello support, The stripe integration disconnects itself every few hours.",Technical Issue,Low,false,false
"Hi team, Clicking save on the admin console wipes the form and loses my input.",Bug Report,High,false,false
The credit note you issued for tkt-10233 never never appeared on our statement. This has zero impact on our work. Thanks for your TIME.,Billing,Low,true,false
Enforcing mfa locked out EVERY user who had not enrolled yet. We have had to build a manual workaround to cope. I am on Safari 18 running Debian 12. Any help appreciated.,Login/Access,High,true,false
The date filter returns results outside the range i selected We would like this looked at reasonably soon,Bug Report,High,true,true
"Hi there, Percentages on the summary card do not add up to 100. A whole department is working around this.",Bug Report,High,true,false
Hey What happens to our data if we cancel the business plan. Thanks!,General Inquiry,High,false,false
we removed a user and now nobody can access the team management screen please advise,Login/Access,Medium,false,false
"Morning, We downgraded from growth to starter but were stll billed the old rate. Reproduced by 7 different people here. Let me know if you need screenshots.",Billing,Medium,false,false
"Hi team, The snowflake sync has been failing with 403. Our developer confirmed the same behaviour on Windows 11. Cheers.",Technical Issue,Critical,false,false
Only a handful of us run into it - it slows us down a little - sometime in the next few weeks would be fine. Where can i find documentation for the invoice list. Thanks!,General Inquiry,Medium,true,false
Sorting by name in the mobile app puts uppercase entries in a random order. It affects one part of our workflow and it slows us down a little and would be good to have this fixed eventually. Any help appreciated.,Bug Report,Medium,true,false
"Hi support, A billing contact on our team cannot see the audit at all. It IS a single screen and nothing else which means we are not blocked in any way. This started ever since the weekend. Thanks!",Login/Access,Low,true,false
"Hi there, The admin console takes over ten minutes to load for everyone on our team. Thanks in advance!!!",Technical Issue,High,false,false
"dear support team, please move our billing cycle from monthly to annual on the scale plan. it happens on chrome on android as well.",Billing,High,false,false
The workspace owner left the company and we are locked out of settings Most of our workspace owner accounts are running into it and our release this week is at risk,Login/Access,High,true,false
"Hi folks, Response times on /v2/search are slightly slower than documented. Nobody else has even mentioned it. Any help appreciated.",Technical Issue,Low,true,false
"Hey, Please move our billing cycle from monthly to annual on the pro plan It happens on Brave as well Looking forward to your reply",Billing,Medium,false,false
"Hello support, Duplicate entries appear every time i refresh the notifications panel. It comes up maybe ocne a day.",Bug Report,Medium,true,false
"hi folks, only i have noticed it so far - no response needed really. could the billinng portal support slack notifications at some point.",Feature Request,Low,true,false
"The nightly export job has been timing out ever since the weekend. It comes up maybe once a day. we have a manual fallback that works, no particular deadline from our side. Any help appreciated.",Technical Issue,Medium,true,false
"Good morning, My card was declined but the subscription still shows as active. It happens on irefox 133 as well. Cheers.",Billing,Low,false,false
Where can i find documentation for the audit log. It changes nothing about how we use the product. I am on Safari 18 running Windows 11. Appreciate the help.,General Inquiry,Low,true,false
Enforcing mfa locked out every user who had not enrolled yet Several people on the team are affected,Login/Access,High,true,false
Hello support Are there besr practices for organising the usser directory at scale. It shows up every now and then which means nothing is actually blocked because of it sometime in the next fsw weeks would be fine. I checked the documentation first and could not find anything.,General Inquiry,Medium,true,false
"Hello support, The nightly export job has been timing out since the last release. We would like this lloked at reasonably soon.",Technical Issue,Medium,true,false
"Hi team, Woukd oyu consider two-way calendar sync as a paid add-on. Nobody else hsa eevn mentioned it, so no response needed really. Thanks!",General Inquiry,Low,true,true
"hi support, i get a blank white screen on the audit log in safari on ios 18. please advise.",Bug Report,Medium,false,false
I want to cancel the subscription and get a refund of $79. Moderately important from where we sit. I have already tried clearing the cache and reinstalling. Thanks in advance.,Billing,High,true,false
"Hi support, Nothing depends on this at all and purely for your awareness. Is there a guide for setting up SALESFORCE.",General Inquiry,Low,true,false
"Hey, Somewhere in the middle of your queue would be fair. Our auditor is asking where our data is stored and we have to answer today. Our developer confirmed the same behaviour on iOS 18.1.",General Inquiry,High,true,false
"Morning, It shows up every mow and then which means we have a manual fallback that works. I want to cancel the subscription and get a refund of €1,450.00. This started since yesterday. Thanks in advance.",Billing,Medium,true,false
"Hello, Can we switch the free subscription to invoice-based payment terms It is a single screen and nothing else - everything else works perfectly well and whenever you happen to get to is fine",Billing,Low,true,false
"hi there, access to the billing portal disappeared after our plan changed to pro. this affects every customer we have and we are losing revenue by the minute. please escalate this right now. reproduced by 1,800 different people here. let me know if you need screenshots.",Login/Access,Critical,true,false
Bulk selecting rows and applying action only affects the first one A couple of people have noticed it and it is more of an irritation than a problem This started since Tuesday,Bug Report,Low,true,true
"Hey, The workspace owner left the company and we are locked out of settings Our workspace has about 200 users",Login/Access,High,false,false
"Hey, The salesforce sync has been failing with 429. Only a handful of us run into it. it slows us down a little. It happens on Brave as well.",Bug Report,High,true,true
Where can i find documentation for the billing portal. This has zero impact on our work. Appreciate the help.,General Inquiry,Low,true,false
"Hello support, My card wwas declined but the subscription still shows as active We lose a few minutes here and there which means happy to wait for the next release",Billing,Medium,true,false
"hi folks, duplicate entries appear every time i refresh the billing portal. it affects one part of our workflow. any help appreciated.",Bug Report,Medium,true,false
"Good morning, I get a 403 when opening the notifications panel even though i am a billing contact. It is eating into time we do not have. Logged from our Scale workspace. Any help appreciated.",Login/Access,High,true,false
"Hi folks, This has taken out our live environment which means our executives are asking for updates every few minutes. The notifications panel is unreachable from our office network but fine on mobile data. Reference TXN-3391082 if that helps. Thanks for your time.",Technical Issue,Critical,true,false
"Hi folks, Duplicate entries appear every time i refresh the settings page. Thanks for your time.",Bug Report,High,false,false
"Hi folks, Hoping for a quick turnaround if at all possible. We removed a user and now nobody can access the dashboard!!!!",Login/Access,High,true,false
"Hey, The csv export is missing the last column on every row. Several people on the team are affected and it is costing us hours every day.",Bug Report,High,true,false
"Hi team, Please add saved filters, every competitor we evaluated has it It is costing us hours EVERY day Looking forward to your reply",Feature Request,High,true,false
"Hi there, Responses frrom /v2/invoices have been returning truncated payloads. It is more of an irritation than a problem.",Technical Issue,Medium,true,false
"Hello support, Our webhooks stopped being delivered for about three days. Several people on the team are affected.",Technical Issue,High,true,false
"Hello support, We would like to review which accounts still have admin rights. It is a single screen and nothing else. genuinely not a priority for us. Screenshots attached.",Login/Access,Low,true,false
"Hello support, Can you point me at the onboarding checklist for new teams. Nobody else has even mentioned it and nothing depends on this at all, response needed really. It happens on Chrome on Android as well. Get back to me when you can.",General Inquiry,Low,true,false
"Hi folks, The undo button restores the wrong version of the record Only i have noticed it so far, so it changes nothing about how we use the product Our developer confirmed the same behaviour on macOS 15.2 Cheers",Bug Report,Low,true,false
"Good morning, We see 404 errors in our logs for roughly 200 requests per minute. It comes up maybe once a day. we can work around it for now and worth looking at when you get a chance. Any help appreciated.",Technical Issue,Medium,true,false
"Dear support team, No response needed really. Requests from our ios 18.1 build fail with 503 but curl works fine. I am on Edge 131 running Windows 11. Please advise.",Technical Issue,Low,true,false
"Hello, Connections to yourr service drop after about 20 minutes. It affects one part of our workflow - nothing is actually blocked because of it. Our developer confirmed the same behaviour on Debian 12. Thanks!",Technical Issue,Medium,true,false
"Hi support, Connections to your servicee drop after about ten minutes. Reference INV-99213 if that helps!!",Technical Issue,Medium,false,false
"Hi folks, The undo button restores the wrong version of the record. This is costing us money every hour it continues which means this is urgent in the strongest sense of the word.",Bug Report,Critical,true,false
The onboarding flow takes over about an hour to load for everyone on our team. Thans for your time.,Technical Issue,High,false,false
"The entire company is blocked and we are fielding angry calls because of this, so please treat this as a severitt one incident. The account recovery flow keeps asking for a code it never sends. Appreciate the help.",Login/Access,Critical,true,false
"Morning, The credit note you issued for tkt-10233 never appeared on our statement. It is affecting a few people here. Ticket raised on behalf of our workspace owner. Thanks in advance.",Billing,High,true,false
"Good morning, Can we swtch the enterprise subscription to invoice-based payment terms. It dos not really affect anything we do absolutely no rush on this. TTicket raised on behalf of our guest collaborator. Let me know.",Billing,Low,true,false
"Hi there, The modal on the permissions matrix cannot be closed once it opens in chrome on android",Bug Report,Low,false,false
"hi folks, a couple of people have noticed it. archived records still suow up in the search bar by default. let me know if you need screenshots.",Bug Report,Medium,true,false
are in breach of our sla as of this morning. Our card on file keeps failing even though the bank confirms it is fine. Let me know.,Billing,Critical,true,false
"dear support team, the date filter returns results outside the range i selected. any help appreciated.",Bug Report,High,false,false
"Hi folks, This affects every customer we have - we have an active incident open on our side, we need a call as soon as humanly possible. The nightly export job has been timing out for the last 48 hours. Thanks in advance.",Technical Issue,Critical,true,false
"Memory usage in our worker spikes whenever we call /v2/events. Nobody else has even mentioned it and it changes nothing about how we use the product, purely for your awareness.",Bug Report,Low,true,true
"Hi there, Is there a guide for setting up segment.",General Inquiry,Low,false,false
Hello support Throughput dropped by half since yesterday with no change on our side. Not critical but certainly not trivial either. Please advise.,Technical Issue,High,true,false
"Good morning, A couple of people have noticed it which means worth looking at when you get a chance A tooltip on the invoice list has a typo in it Logged from our Scale workspace Get back to me when you can",Bug Report,Medium,true,false
"morning, duplicate entries appear every time i refresh the webhook manager i checked the documentation first and could not find anything",Bug Report,Low,false,false
We have a security review today and need your compliance documentation now. We have a manual fallback ghat works. ust putting it on your radar. Any help appreciated.,General Inquiry,Medium,true,false
"hi there, i would like to update the billing aderess on our account. looking forward to oyur reply.",Billing,Low,false,false
"The hubspot integration disconnects itself every few hours. We are fielding angry calls because of this, this is urgent in the strongest sense of the word?!",Technical Issue,Critical,true,false
"Good morning, Somewhere in the middle of your queue would be fair. It would be really useful to have dark mode in the notifications panel. Let me know if you need screenshots!!!!",Feature Request,Medium,true,false
"Dear support team, Toggling a setting off in the integrations page turns it back on after a reload. Cheers.",Bug Report,Medium,false,false
"Our team kees asking for scheduled reports, is it planned This started since yesterday",Feature Request,High,false,false
how i invite a manager to our workspace. appreciate tthe help.,General Inquiry,Low,false,false
It does not really affect anything we do and genuinely not a priority for us. Can you point me at the onboarding checklist for new teams. Let me know!!!!,General Inquiry,Low,true,false
"hi hi team, the stripe sync has been failing with 503. thanks!",Technical Issue,Critical,false,false
"i cannot log in, the password reset email never arrives. we ahve an active incident open on our side which means we need a call as soon as humanly possible. appreciate hte help!!",Login/Access,Critical,true,false
"Hello support, What happens to our data if we cancel the business plan. Thanks in advance.",General Inquiry,High,false,false
hello the ssl certificate on your api host looks like it is misconfigured. we are on the pro plan. thanks for your time.,Technical Issue,Medium,false,false
"Hey, Every request to /v1/subscriptions has returned err_connection_reset since this morning. Not critical but certainly not trivial either. Thanks for your time!!!",Technical Issue,Medium,true,false
Hello Api latency went from milliseconds to several seonds since yesterday. Looking forward to your reply.,Technical Issue,Medium,false,false
submitting the form deletes the existing record instead of updating it most of our read-only user accounts are running into it i checked the documentation first and could not find anything,Bug Report,High,true,false
"Hi team, The auto-renewal toook $1,204.50 out of our account without any notice Not one person here can get anything done and our onw customers are already complaining Logged from our Starter workspace Cheers",Billing,Critical,true,false
Does your api have a rate limit i should design around. It is affecting a few people HERE. Let me know.,General Inquiry,Medium,true,false
it is purely cosmetic. percentages on the summary card do not add up to 100.,Bug Report,Low,true,false
It is getting noticeably worse week on week We see 404 errors in our logs for roughly 25 requests per minute,Technical Issue,High,true,false
"HI there, Please treat this as a severity one incident. Dns resolution for your api endpoint fails from our region. Get back to me when you can.",Technical Issue,Critical,true,false
"Hello, Percentages on the summary card do not add up to 100 Get back to me when you can",Bug Report,High,false,false
My card was declined but the subscription still shows as active.,Billing,Critical,false,false
"hey, the chart renders an empty axis when a series has zero values. thanks!",Bug Report,Low,false,false
Duplicate entries appear every time i refresh the audit log.,Bug Report,Critical,false,false
"Hello, Somewhere in the middle of your queue would be fair The payment method on file expired and i cannot update it in the webhook manager Reference ORD-44812 if that helps",Billing,Medium,true,false
"Good morning, Would you consider granular notification settings as a PAID add-on I am on Safari on iOS 18 running Debian 12 Thanks!",Feature Request,Critical,false,false
"Hello, The two factor code from my authenticator is rejected every time. Ticket raised on behalf of our read-only user. Cheers.",Login/Access,Critical,false,false
Every request to /v1/subscriptions has returned timeout_exceeded ever since the weekend. This is costing us money every hour it continues and please escalate this right now. Let me know!!!!,Technical Issue,Critical,true,false
"Hey, Any chanc you could support keyboard shortcuts for business customers Reproduced by 7 different people here Thanks!",Feature Request,Low,false,false
"hi folks, is there a guide for setting up segment. nobody else has even mentioned it and everything else works perfectly well, so no response needed really. get back to me when you can.",General Inquiry,Low,true,false
The search bar ignores hyphens so no results come back for hyphenated names. It affects one part of our worrkflow and nothing is actually blocked because of it and would be good to have this fixed eventually.,Bug Report,Medium,true,false
We would addopt this much faster if an offline mode existed. We would like an update today if you acn manage it. Our workspace has about 7 users. Get Get back to me when you can.,Feature Request,High,true,false
The total on the api console showz a different number than the export We can work around it for now Reference ORD-44812 if that helps,Bug Report,Medium,true,false
Hello Any chance you could support keyboard shortcuts for growth customers. Thanks!,Feature Request,Medium,false,false
"hey, a couple of people have noticed it. we can work around it for now. uplicate enrties appear every time i refresh the invoice list. it happens on firefox 133 as well.",Bug Report,Medium,true,false
"Hi folks, Response times on /api/webhooks are slightly slower than documented. Thanks in advance.",Technical Issue,Low,false,false
flagging this as important on our side. the date filter returns results outside the range i selected. please advise.,Bug Report,High,true,false
"Morning, Archived records still show up in the search bar by default. It happens on Safari 18 as well.",Bug Report,Low,false,false
"Hi there, Api latency went from milliseconds to several seconds since yesterday. It affects one part of our workflow and we have a manual fallback that works. Thanks in advance.",Bug Report,Medium,true,true
"hey, the modal on the ecport tool cannot be closed oncee it opens in firefox 133!!!",Bug Report,Medium,false,false
It is eating into time we do not have Dns resolution for your api endpoint fails from our region Appreciate the help,Technical Issue,High,true,false
"Hi team, Any chance you could support bulk csv export for starter customers. It is purely cosmetic.",General Inquiry,Low,true,true
Duplicate entries appear every time i reefresh the webhook manager. Worth looking at when you get a CHANCE. Thanks in advance.,Bug Report,Medium,true,false
"good morning, our webhooks stopped being delivered since the last release. thanks!",Technical Issue,Critical,false,false
"A whole department is working around this, we have had to build a manual workaround to cope which mdans our team lead has asked me to chase THIS. We see 404 errors in our logs for roughly 12 requests per minute.",Technical Issue,High,true,false
is there a guide for setting up salesforce. thanks in advance.,General Inquiry,Low,false,false
it would be nice if the audit log remembered my last filter. i am on safari on ios 18 running debian 12. thanks in advance.,Feature Request,Low,false,false
"i was double charged when i i retried a failsd payment of $18,300. thanks for your time.",General Inquiry,Low,false,true
"the record count says 3 but only 25 rows actually render about 1,800 people have reported it internally we are on the business plan",Bug Report,High,true,false
"Morning, Bulk selecting rows and applying an action only affects the first one. It comes up maybe maybe once a day and it is more of an irritation than a problem - no particular deadline from our side. Our workspace has about 7 users.",Bug Report,Low,true,true
"It is a single screen and nothing else, so whenever you happen to get to it is fine. The column widths on the invoice list reset every time i navigate away. Please advise.",Bug Report,Low,true,false
pagination skips the first item on page two. tried again ten minutes later with the same result. cheers.,Bug Report,Medium,false,false
Archived records still show up in the export tool by default. Thanks in advance.,Bug Report,Low,false,false
"Dear support team, Access to the the export tool disappeared after our plan changed to team.",Login/Access,Critical,false,false
Could you expose saved filters through the /v2/events endpoint. Thanks!,Feature Request,High,false,false
"Hi folks, We need consolidated billing across our 200 workspaces. It is a single screen and nothing else and this has zero impact on our work. Thanks in advance.",Billing,Low,true,false
"The undo button restores the wrong version of the record. A couple of people have noticed it, sometime in the next few weeks would be fine. This started since Tuesday.",Bug Report,Medium,true,false
"Hello, The search bar ignores hyphens so no results come back for hyphenated names. Appreciate the help.",Bug Report,Low,false,false
Could the billing portal support a snadbox environment at some point Any help appreciated,Feature Request,Low,false,false
Sso trough quickbooks redirects back to the login page in a loop. A whole department is working around this and our taem laed has asked me to chase this. Let me know.,Login/Access,High,true,false
"Responses from /v1/exports have bene returning truncated payloads. Only a handful of us run into it, sometime in the next few weeks would be fine. This started for the last 48 hours. Please advise.",Bug Report,Medium,true,true
Nobody else has even mentioned it and nothing depends on this at all. Are there best practices for organising the invoice list at scale. I have already tried clearing the cache and reinstalling. Thanks for your time.,General Inquiry,Low,true,false
"Good morning, Please consider adding webhook retries to the roadmap Nobody else has evej mentioned it and please put it at the very bottom of the queue Let me know",Feature Request,Low,true,false
"we are being billed for 500 seats but only have 200 active users. it affects one part of our workflow, is more of an irritation than a problem. get back to me when you can.",Billing,Medium,true,false
"Dear support team, Percentages on the summary card do not add up to 100 Our production environment is completely down and we are losing revenue by the minute which means please escalate this right now Reference ORD-88190 if that helps Let me know if you need screenshots",Bug Report,Critical,true,false
do you offer training sessions for new guest collaborator accounts.,General Inquiry,Low,false,false
"Hello support, Api latency went from milliseconds to several seconds since yesterday It is spreading to more of the team as we onboard and it is costing us hours every day Logged from our Enterprise workspace Please advise",Technical Issue,High,true,false
"Hi folks, The modal on the analytics view cannot be closed once it opens in edge 131. Our release this week is at risk, our team lead has asked me to chase this. I am on Safari 18 ruhning Windows 11.",Bug Report,High,true,false
"Good morning, A small suggestion, two-way aclendar sync would save our team a lot of clicks. It does not really really affect anything we do and this has zero impact on our work. Happy to provide more detail if useful.",Feature Request,Low,true,false
"Hey, Please add a native mobile app, every competitor we evauated has it. A good portion of our users hit this daily and our project timeline has aleeady slipped once which means please prioritise ghis above the rest of our queue.",Feature Request,High,true,false
"Hi folks, We have had to build a manual workaround to cope, we need this sortd before thee end of the week. Enforcing mfa kocked out every user who had not enrolled yet.",Login/Access,Critical,true,true
"Hi there, It would be really useful to have scheduled reports in the permissions matrix. Let me know if you need screenshots.",Feature Request,Low,false,false
A workspace owner on our team cannot see the export tool at all This is more disruptive than it probably sounds,Login/Access,Medium,true,false
what is the difference between the team and pro plans. only a handful of us run into it - sometime in the next few weeks would be fine. thanks in advance.,General Inquiry,Medium,true,false
"hi support, no response needed really. the api returns results in a different order between calls. thanks in advance.",Technical Issue,Low,true,false
"Morning, The workspace owner left the company and we are locked out of settings. We have a manual fallback that works, sometime in the next few weeks would be fine. Let me know.",Login/Access,Medium,true,false
"Hey, Sso through quickbooks redirects back to the login page in a loop. A whole department is working around this, so our project timeline has already slipped once. I checked the documentation first and could not find anything.",Technical Issue,High,true,true
"Hello support, The loading spinner keeps spinning briefly after content has rendered Thanks for your time",Bug Report,Low,false,false
a failed payment has locked our whole workspace out of the admin console. we would really appreciate a fix within a day or two.,Billing,High,true,false
"Dear support team, I can log in on desktop but the mobile app rejects ghe same credentials. Happy to wait for the next release. I am on Edge 131 running iOS 18.1.",Login/Access,Medium,true,false
"Hi support, Percentages on the summary card do not add up to 100. Any help appreciated.",Bug Report,Medium,false,false
"Hi support, What is the recommended way to structure teams for 500 users. Would be good to have this fixed eventually. Appreciate the help.",General Inquiry,Medium,true,false
"Hi folks, How do i invite a admin to our workspace It is a single scrreen and nothing else Cheers",General Inquiry,Low,true,false
"Hi there, Duplicate entries appear every time i refresh the mobile app. Reproduced by 1,800 different people here.",Bug Report,High,false,false
"Hi folks, The snowflake sync HAS been failing with 500. Logged from our Starter workspace.",Technical Issue,Critical,false,false
"Hi team, The record count says 3 but only 7 rows actually render Thanks!",Bug Report,High,false,false
"Hi there, We have a manual fallback that works which means would be good to have this fixed eventually. Data entered yesterday disappeared from the team management screen entirely. Looking forward to your reply.",Bug Report,Medium,true,false
"Hello, Who should i talk to about a renewal conversation. couple of people have noticed it. happy to wait for the next release.",General Inquiry,Medium,true,false
"It affects one part of our workflow. it slows us down a little, so sometime in the next few weeks would be fine. Toggling a setting off in the search bar turns it back on after a reload. Let me know.",Bug Report,Medium,true,false
a regression since the last release broke broke the filter on the mobile app,Technical Issue,Low,false,true
"We need conssolidated billing across our 40 workspaces. Only i have noticed it so far, this has zero impact on our work which means purrely for your awareness. Let me know if you need screenshots.",Billing,Low,true,false
"Hey, The api returns results in a different order between calls.",Technical Issue,Medium,false,false
Connections to your service drop after about a few hours. This started since yesterday. Thanks!,Technical Issue,High,false,false
"hi support, how long does it usually take for support to respond. it comes up maybe once a day, so worth looking at when you get a chance. logged fromm our eam workspace. thanks!?!",General Inquiry,Medium,true,false
My account is locked after a few failed attempts and will not unlock. It is eating into time we do not have. our team lead has asked me to chase this. I checked the documentation first and could not find anything!!!,Login/Access,High,true,false
"Hi folks, Bulk imports of 7 records stall halfway through with no error.",Technical Issue,Medium,false,false
"Morning, The invoice for 2026-09-01 has the wromg vat number it. A good portion of our users hit this daily and it is eating into time we do not have. please prioritise thhis above the rest of our queue. I have already tried clearing the cache and reinstalling. Please advise.",Billing,High,true,false
"Hi team, The undo button restores the wrong version of thhe record. It affects a large part of our daily workflow. it is getting noticeably worse week on week and our team lead yas asked me to chase this. Cheers.",Bug Report,High,true,false
"Hi there, Api latency went from milliseconds to several seconds since yesterday. Ticket raise on behalf of our billing contact. Looking forward to your reply!!",Technical Issue,Medium,false,false
"Hi folks, Any chance you could support sso with okta for growth customers. A couple of people have noticed it which means happy to wait for the next release. Please advise.",Feature Request,Medium,true,false
"Hi folks, Access to the integrations page disappeared after our plan changed to free. Our workspace has about 25 users. Cheers.",Login/Access,Medium,false,false
Sso through netsuite redirects back to the login page in a LOOP. It is spreading to more of the team as we onboard - our team lead has asked me to chase this. Let me know.,Login/Access,High,true,false
We would like this looked at reasonably soon iur webhooks stopped being delivered for about three days Get back to me when you you can,Technical Issue,High,true,false
Percentages on the summary card do not add up up to 100. We are falling behind on a deadline because of it. Cheers.,Bug Report,High,true,false
"Hello support, We need this sorted before the the end of the week. The invoice for 2026-09-01 has the wrong vat number on it. Cheers.",Billing,High,true,false
We SEE econnrefused errors in our logs for roughly 200 requests per minute. It is a single screen and nothing else - purely for your awareness.,Bug Report,Low,true,true
"Hi folks, The two factor code from my authenticator is rejected every time. This started since yesterday. Thanks for your time.",Login/Access,Medium,false,false
i need a copy of the receipt for tkt-10233 for our finance team. a whole department is working around this and it is costing us hours every day which means we would really appreciate a fix within a day or two. any help appreciated.,Billing,High,true,false
"hi there, the form accepts an invalid email address and saves it without complaint. it is more of an irritation than a problem and no particular deadline from our side. looking forward to your reply.",Bug Report,Medium,true,false
"Good morning, Your status page says everything is fine but we see 502 on /v1/users Nothing is actually blocked because of it happy to wait for the next release Looking forward to your reply",Technical Issue,Medium,true,false
"Hello support, The account recovery flow keeps asking for a code it never sends. Happy to provide more detail if useful.",Login/Access,High,false,false
"Hi support, Sso through hubspot redirects back to the login page in a loop.",Login/Access,Critical,false,false
"Hey, Please move our billing cycle from monthly to annual on the enterprise plan We would like this looked at reasonably soon We are on the Pro plan",Billing,Medium,true,false
It affects a large part of our daily workflow. Sso through zapier redirects back to the login page in a loop. Looking forward to your reply.,Login/Access,High,true,false
"why did our bill jump from £320 to $4,812.00 with no plan change.",Billing,Low,false,false
Responses from /v1/subscriptions have been RETURNING truncated truncated payloads.,Technical Issue,High,false,false
"Hello, WEBHOOKS stopped being delivered since yesterday. Only a handful of us run into it which means happy to wait for the next release. I have already tried clearing the cache and reinstalling.",Technical Issue,Medium,true,false
"good morning, i would like to update the billing address on our account. nothing depends on this at all. appreciate the help.",Billing,Low,true,false
"Hi support, SSso through snowflake redirects back to the login page in a loop. Ticket raised on behalf of our guest collaborator. Looking forward to your reply.",Login/Access,Critical,false,false
"Hello support, It is eating into time we do not have, hoping for a quick turnaround if at all possible. We need consolidated billing across our 500 workspaces.",Billing,High,true,false
"Hello, Is granular notification settings something that exists today or i missing it. Appreciate the help.",General Inquiry,Low,false,false
"Hi support, It shows up every now and then. I want TO cancel the subscription and get a refund of $79.",Billing,Medium,true,false
"hi folks, i want to switch my login email to a different address. i am on safari 18 running windows 10. let me know.",Login/Access,Low,false,false
"Hello, We removed a user and now nobody can access the billing portal. Most of our manager accountts are running into it. Screenshots attached.",Login/Access,High,true,false
can we get a copy of your security questionnaire responses.,General Inquiry,Critical,false,false
"Hi team, A dark colour scheme for the export tool would be easier on the eyes. Everything else works perfectly well and please put it at the very bottom of the queue. Any help appreciated.",Feature Request,Low,true,false
"Hi team, The retry logic gets stuck in a loop because /v2/reports/generate returns 429. Happy to provide more detail if useful.",Technical Issue,High,false,false
THE date filter returns results outside the range i selected.,Bug Report,High,false,false
"morning, the hubspot sync has been failing with timeout_exceeded",Technical Issue,High,false,false
"Dear support team, Api latency went from milliseconds to several seconds for the last 48 hours. Get back to me when you can.",Technical Issue,High,false,false
"Hi team, The credit note you issued for txn-3391082 never appeared on our statement. We are fielding angry calls because of this and please treat this as a severity one incident. Thanks for your time.",Billing,Critical,true,false
"dear support team, it would be really useful to have two-way calendar sync in the mobile app. only i have noticed it so far which means nothing depends on this at all!!!",Feature Request,Low,true,false
"Good morning, A guest collaborator on our team cannot see the search bae at all. This has taken out our live environment, so we are losing revenue by the minute which means please escalate this rght now. Let me know if you need screenshots.",Login/Access,Critical,true,false
"Hi folks, A failed payment has locked our whole workspace out of the mobils app. Logged from our Growth workspace. Cheers.",Billing,High,false,false
Hi support Editing a workspace workspace owner and saving silently reverts the change. Cheers.,Bug Report,Medium,false,false
We are not blocked in any way. How do i invite a workspace owner to our workspace.,General Inquiry,Low,true,false
"Worth looking at when you get a chance. Uploading a file over 1,800 mb fails silently with no error shown.",Technical Issue,Medium,true,true
it is purely cosmetic and must noting it for the record. we see timeout_exceeded errors our logs for roughly 12 requests per minute. cheers.,Technical Issue,Low,true,false
"Hi support, Nobody else has even mentioned it which means everything else works perfectly well. My card was declined but the subscription still shows as active. It happens on Brave as well.",Billing,Low,true,false
Can you point me at the onboarding checklist for new teams. We are not blocked in any way. Our developer confirmed the same behaviour on Android 15. Let me know if you need screenshots.,General Inquiry,Low,true,false
"Hey, Data entered yesterday has disappeared from the team management screen entirely Our release this week is at risk I am on Safari 18 running Windows 10",Bug Report,High,true,false
"Hi folks, Every request to /v1/exports has returned err_connection_reset for about three days.",Technical Issue,High,false,false
"hi folks, i get a 403 when opening the reports page even though i am a manager somewhere in the middle of your queue would be fair thanks for your time",Login/Access,Critical,true,true
"Hello support, The two factor dode from my authenticator is rejected every time We are losing revenue by the minute Ticket raised on behalf of our read-only user Let me know",Login/Access,Critical,true,false
"Hi folks, It would be really useful to have jira integration in the webhook manager.",Feature Request,Low,false,false
"Hi folks, Our auditor is asking where our data is stored and we have to answer today. Tried again 45 seconds later with the same result. Thanks for your time.",General Inquiry,High,false,false
"Good morning, The console throws a null reference error when i open the project timeline. Thanks in advance.",Bug Report,High,false,true
"Hi team, The permissions matrix is unreachable from our office network but fine on mobile data Screenshots attached Please advise",Technical Issue,Critical,false,false
"Dear support team, Can we switch the business subscription to invoice-based payment terms. A couple of people have noticed noticed it - it is more of an irritation than a problem. Happy to provide more detail if useful.",Billing,Medium,true,false
dns resolution for your api endpoint fails from our region,Technical Issue,Critical,false,false
The workspace owner left the company and we are locked out of settings. It HAPPENS on Chrome on Android as well. Get back to me when you can.,Login/Access,Medium,false,false
"Hi folks, The console throws a null reference error when i open the integrations page. We can work around it for now and happy to wait for the next release. Thanks for your time!!!",Bug Report,Medium,true,false
"Hi there, We see 429 errors in our logs for roughly 200 requests per minute. Oly a handful of us run into it. it slows us down a little. Happy to provide more detail if useful.",Technical Issue,Medium,true,false
"it would be really useful to have bulk csv export in the invoice list. only a handful of us run into it, so it is more of an irritation than a problem!!!",Feature Request,Medium,true,false
"Good morning, Our auditor is asking where our data is stored and we have to answer today. Logged from our Free workspace. Looking forward to your reply.",General Inquiry,Medium,false,false
"Hi team, Can we switch the business subscription to invoice-based payment terms. I checked the documentation first and could not find anything. Let me know if you need screenshots.",Billing,Medium,false,false
"Hi there, Adding webhook retries would let us retire our internal tool. It is becoming a bit of a problem. Ayn hellp appreciated.",Feature Request,Medium,true,false
We would love to see pdf export integrated with snowflake. Everything else works perfectly well and just noting it for the record. Looking forward to your reply.,Feature Request,Low,true,false
"Hey, Everything else works perfectly well, absolutely no rush on this. The chart renders an empty axis when a series has zero values. Reference ORD-88190 if that helps.",Bug Report,Low,true,false
The entie company is blocked. The export contains another customer's rows mixed into ours. Thanks!,Bug Report,Critical,true,false
"Hi there, Would you consider custom dashboards as a paid add-on. Looking forward to your reply.",Feature Request,Low,false,false
A dark colour scheme for the mobie app would be easier on the eyes.,Feature Request,Medium,false,false
"It is more of an irritation than a problem, happy to wait for the next release. The undo button restores the wrong version of the record. I checked the documentation first and could find anything. Thanks!",Bug Report,Medium,true,false
"Dear support team, Can we get a copy of your security questionnaire responses.",General Inquiry,Medium,false,false
The export contains another customer's rows mixed into ours We are falling behind on a deadline because of it which means hoping for a quick turnaround if at all possible Let me know,Bug Report,Medium,true,true
The workspace owner left the company and we are loked out of settings. We have had to build a manual workaround to cope - our team lead hsa asked me to chase this. Let me know if you need screenshots?!,Technical Issue,Medium,true,true
"Hello support, The total on the onboarding flow shows a different number than the export. This has zero impact on our work - whenever you happen to get to it is fine. Please advise.",Bug Report,Low,true,false
"Hello, The auto-renewal otok $49 out of our account without any notice. Our whole worflow has stopped dead, we have had to paus operations entirely, there is no workaround available to us at all. Appreciate the help.",Billing,Critical,true,false
A dark colour scheme for the webhook manaher would be easier on hte eyes. It cnanges nothing about how we use the product. Thanks in advance!!,Feature Request,Low,true,false
dear support team bulk imports of 3 records stall halfway through with no error. i checked the documentation first and could not find anything. looking forward to your reply.,Technical Issue,Critical,false,false
It is affecting a few people here. How do i read the numbers shown on the search bar. This started since Tuesday. Let me know.,General Inquiry,Low,true,true
Responses from /v2/invoices haev been returning truncated payloads. Thanks your time!!,Bug Report,High,false,true
"Hi there, I would like to update the billing address on our account. Let me know.",Billing,Low,false,false
"Hi there, I can log in on desktop but the mobile app rejects the same credentials",Login/Access,High,false,false
moderately important from where we sit. i i would like to add a second workspace owner to our account. thanks for your time.,Login/Access,Medium,true,false
"Hello, Password reset says the account does not exist but i receive your billing email. Ticket raised on on behalf of our workspace owner.",Login/Access,Medium,false,false
"Good morning, We occasionally see a retry warning in the logs, is that expected. Ticket raised on behalf of our manager. Please advise.",Technical Issue,Low,false,false
"The quickbooks integration disconnects itself every few hours. About 3 people have reported it internally, so we need this sorted before the end of the week. Our workspace has about 25 users. Any help appreciated.",Technical Issue,High,true,false
"Hi team, Uploading Uploading a file over 25 mb fails silently with no error shown. Everything else works perfectly well, genuinely not a priority for us. We are on the Pro plan. Let me know if you need screenshots.",Bug Report,Low,true,true
Memory usage in our worker spikes whenever we call /v2/invoices. It slows us down a little - worth looking at when you get a chance. Logged from our Enterprise workspace. Let me know.,Technical Issue,Medium,true,false
"dear support team, only a handful of us into it and happy to wait for the next release. the total on the search bar shows a different number than the export. i am on safari on ios 18 running ubuntu 24.04. happy to provide more detail if useful.",Bug Report,Medium,true,false
"Hi team, Is the settings page covered by your uptime commitment. We have a manual fallback that works. no particular deadline from our side. Let me know if you need screenshots.",General Inquiry,Medium,true,false
"The hubspot integration disconnects itself every few hours. It shows up every now and then and it is more of an irritation than a problem, sometime in the next few weeks would be fine. I checked the documentation first and could not find anything. Appreciate the help.",Technical Issue,Medium,true,false
"Hey, Can you explain the proration line item of $79 on our last invoice. It is spreading to more of the team as we onboard - our project timeline has already slipped once. flagging tihs as important on uor side. Let me know if you need screenshots.",Billing,High,true,false
"Good morning, The saml assertion is rejected with an audience mismatch Somewhere in the middle of your queue would be fair Ticket raised on behalf of our read-only user rhanks in advance",Login/Access,Medium,true,false
"Dear support team, I was double charged when i retried a failed payment of £320.",Billing,Low,false,false
"Dear support team, Bulk imports of 3 records stall halfway through with no error Thanks!",Technical Issue,Medium,false,false
"Hello, We are bieng billed for 3 setas but only have 7 active users. Ths has zero impact on our work. Our workspace has about 1,800 users. Let me know if you need screenshots.",Billing,Low,true,false
"Dear support team, We have a manual fallback that works which means no particular deadline from our side. Your status page says everything is fine but we see econnrefused on /v2/orders. This started since yesterday. Looking forward to your reply!!!",Technical Issue,Medium,true,false
"hello, sso through hubspot redirects back to the login page in a loop. this is urgent in the strongest sense of the word.",Login/Access,Critical,true,false
"Hey, Can you explain the proration line item of $240 on our last invoice. We are on the Starter plan. Get back to me when you can.",Billing,Critical,false,false
"Hello support, Sso through shopify redirects back to the login page in a loop. Please advise!!!",Login/Access,Critical,false,false
"hello support, my account is locked after a few failed attempts and will not unlock!!!!",Login/Access,High,false,false
"Hi there, Connections to your service drop after about 20 minutes. All of our services services depending on this are failing and we have had to pause operations entirely. It happens on Chrome 131 as well. Let me know if you need screenshots.",Technical Issue,Critical,true,false
Dns resolution for your api endpoint fails from our region. I am on Chrome on Android running Windows 10. Thanks for your time.,Technical Issue,Critical,false,false
"Hey, Please move our billing cycle from monthly to annual on the free plan. Reference TKT-10233 if that helps. Let me know if you need screenshots.",Billing,Low,false,false
bulk selecting rows and applying an action only affects the first one.,Technical Issue,Medium,false,true
Which regions do you host data in.,General Inquiry,Low,false,false
"dear support team, the websocet connection to the export tool keeps dropping and reconnecting.",Technical Issue,Medium,false,false
"Hi folks, Most of our billing contact accounts are running into it which means we would like an update today if you can manage it. How do i read the numbers shown on the permissions matrix. Please advise.",General Inquiry,High,true,false
The payment method on file expired and I cannot update it in the project timeline. Cheers.,Billing,Low,false,false
The websocket connection to the project timeline keeps dropping and reconnecting. It comes up maybe once a day and it slows us down a little and would be good to have this fixed eventually. Screenshots attached. Thanks for your time.,Bug Report,Medium,true,true
Api latency went from milliseconds to esveral seconds since yesterday. Thanks!,Technical Issue,Medium,false,false
"Hello, We need consolidated billing across our 3 workspaces. Tried again a few hours later with the same result. Any help appreciated.",Billing,Low,false,false
"Good morning, Nobody else has even mentioned it Any chance you could support an offline mode for free customers I am on Edge 131 running Windows 10",Feature Request,Low,true,false
"Hello, We would like like an api endpoint that mirrors granular notification settings Let me know",Feature Request,Critical,false,false
could you add our company registration number to future invoices. thanks for your time.,Billing,Medium,false,false
"hello, do you offer training sessions for new read-only user accounts. this affects every customer we have.",General Inquiry,Critical,true,false
"Good morning, The olumn widths on the export tool reset every time i navigate away. Everything else works perfectly well, just noting it for for the record. I am on Edge 131 running Android 15. Cheers.",Bug Report,Low,true,false
"Hello, Every single user is affected and our own customers are already complaining. Api latency went from milliseconds to several seconds for the last 48 hours. Our workspace has about 7 users. Thanks!",Technical Issue,Critical,true,false
A whole department is working around this and our project timeline has already slipped once. hoping for a quick turnaround if at all possible. A webhook for this event would let us build role-based permissions ourselves. I am on Chrome 131 running Windows 10. Thanks in advance.,Feature Request,High,true,false
we were charged $240 twice this month on invoice ref-77120. our executives are asking for updates every few minutes. thanks in advance.,Billing,Critical,true,false
is saved filters something that exists today or am i missing it. it does not really affect anything we do and we are not blocked in any way. please advise.,General Inquiry,Low,true,false
"Our card on file keeps failing even though the bank confirms it is fine. Everything else works perfectly well, so no response needed really. This started for the last 48 hours. Please advise.",Billing,Low,true,false
"Morning, Moderately important from where we sit. The console throws a null reference error when i open the notifications panel.",Bug Report,High,true,false
"Not oone person here can get anything done - this is costing us money every hour it continues - this is urgent in the strongest sense of the word. The nightly export jbo has been timing out for about three days. Reproduced by 1,800 different people here.",Technical Issue,Critical,true,false
"hello, it would be really useful to have granular notification settings in the user directory. appreciate the help!!",Feature Request,Low,false,false
"hello support, our finance team needs invoices sent to a different email address. only i have noticed it so far, just noting it for the record. i have already tried clearing the cache and reinstalling!!",Billing,Low,true,false
"Hey, A failed payment has locked our whole workspace out of the integrations page. We have an active incident open on our side. Our workspace has about 25 users. Let me know if you need screenshots.",Billing,Critical,true,false
"Hello, The payment method on file expired and i cannot update it in the settings page. Let me know.",Billing,High,false,false
"Hello, Does YOUR api have a rate limit i should design around. It is more of an irritation than a problem and sometime in the next few weeks would be fine. Thanks in advance.",General Inquiry,Medium,true,false
Sso through hubspot redirects back the login page in a loop. We would like this looked at reasonably soon.,Login/Access,Medium,true,false
"Good morning, Bulk sepecting rows and applying an action only afefcts the first one. A couple of people have noticed it, so nothing is actually blocked because of it. We are on the Scale plan.",Bug Report,Medium,true,false
"our finance team needs invoices sent to a different email address is a single screen and nothing else, so this has zero impact on our work i have already tried clearing the cache and reinstalling looking forward to yuor reply",Billing,Low,true,false
"hey, we would like an api endpoint that mirrors saved filters. somewhere in the middle of your queue would be fair.",Feature Request,High,true,false
"Hi there, The workspace owner left the company and we are locked out of settings This has taken out our live environment and we have had to pause operations entirely - we need someone on this immediately Any help appreciated",Login/Access,Critical,true,false
"Morning, It is purely cosmetic. everything else works perfectly well. Can you point me at the onboarding checklist for new teams. It happens on Chrome on Android as well. Happy to provide more detail if useful.",General Inquiry,Low,true,true
"Hi folks, We are being billed for 1,800 seatts but only havd 500 active users. About 200 people hav reported it internally. we would really appreciate a fix within a day or two. We ate on the Scale plan. Thanks for your time.",Billing,High,true,false
"hi team, i was invited as a billing contcat but the invitaion link says it is invalid only i have noticed it so far and nothing depedns on this at all please put it at the very bottom of the queue our developer confirmed the same behaviour on windows 10 thanks!",Login/Access,Low,true,true
"hello, most of our workspace owner accounts are running into it. adding multi-currency support would let us retire our internal tool.",Feature Request,High,true,false
"Hello, Nothing is actually blocked because of it. happy to wait for the next release. The csv export is missing the last column on every row.",Bug Report,Medium,true,false
"Hello, The admin console takes over three days to load for everyone on our team It is a single screen and nothing else it changes nothing about how we use the product and purely for your awareness Screenshots attached",Technical Issue,Low,true,false
"Hi team, Why did our bill jump from $240 to $4,812.00 with no plan change. A couple of people have noticed it which means we can work around it for noww - worthh looking at when you get a chance. GGet back to me when you can.",Billing,Medium,true,false
enforcing mfa locked out every user who had not enrolled yet. thanks!,Login/Access,Critical,false,false
"how do i invite a guest collaborator to our workspace. only i have noticed it so far, this has zero impact on our work - just noting it for the record. any help appreciated.",General Inquiry,Low,true,false
"Hi team, Our finance team needs invoices sent to a different email address Reproduced by 500 different people here Let me know if you need screenshots",Billing,Low,false,true
Role permissions reset to read-only for our whole team overnight. Every single user is affected. Get back to me when you can.,Login/Access,Critical,true,false
"hi support, api latency went from milliseconds to several seconds all week. a couple of of people have noticed it. would be good to have this fixed eventually.",Technical Issue,Medium,true,false
"Hey, Responses from /v2/reports/generate have been returning truncated payloads Our project timeline has already slipped once - flaagging thid as important on our side It happens on Edge 131 as well",Technical Issue,High,true,false
please consider adding role-based permissions to the roadmap. appreciate the help.,Feature Request,Low,false,false
"Hello support, Role permissions reset to read-only for our whole team overnight. Thanks your time.",Login/Access,Critical,false,false
"Hi there, The account recovery flow keeps asking for a code it never sends A couple of people have noticed it, so nothing is actually blocked because of it, so no particula deadline from our side Thanks!",Login/Access,High,true,true
"hi there, could you confirm the recommended timeout setting for /v1/users. only a handful of us run into it. it is more of an irritation than a problem, would be good to have this fixed eventually.",Technical Issue,Medium,true,false
"Hello, We are losing revenue by the minute and please escalate this right now. Is a sandbox environment something that exists today or am i missing it. Reproduced by 25 different people here. Get back to me when you can.",General Inquiry,Critical,true,false
Our webhooks stopped being delivered since the last release. Any help appreciated.,Technical Issue,Critical,false,false
hi support we are being billed for 25 seats but only have 500 active users. we have a manual fallback that works and sometime in the next few weeks would be fine.,Billing,Medium,true,false
"Hi folks, Absolutely no rush on this The csv export is missing the last column on eevry row Please advise",Bug Report,Low,true,false
"Hello support, Do you offer training sessions for new billing contact accounts. Reproduced by 500 different people here. Let me know.",General Inquiry,Low,false,false
It SHOWS up every now and then - it is more of an irritation than a problem and worth loiking at when you get a chance. What is the difference between the scale and free plans.,General Inquiry,Medium,true,false
"is there a sandbox i can test against before going live. it showx up evrey now and then, so we can work around it for now, sometime in the next few weeks would be fine.",General Inquiry,Medium,true,false
"Dear support team, I want to cancel rhe subscription and geet a refund of $9.99. Let me know.",Billing,High,false,false
"Good morning, A webhook for this event would let us build scheduled reports ourselves. It affects a large part of our daily workflow. it is costing us hours every day!!",Feature Request,High,true,false
"Hi there, Our finance team needs invoices sent to a different email address Thanks!",Billing,Low,false,false
Hello support Most of our guest collaborator accounts are running into it. Pagination skips the first item on page two. Thanks!,Bug Report,High,true,false
"Good morning, We were billed $1,204.50 for seats we cancelled and card has already been debited Get back to me when you can",Billing,High,false,false
"hi team, your status page says everything is fine but we see 403 on /v2/events. let me know.",Technical Issue,Medium,false,false
"Hey, The integrations page takes over ten minutes to load for everyone on our team. Please put it at the very bottom of the queue. Get back to me when you can.",Technical Issue,Low,true,false
"Hi there, Somewhere in the middle of your queue wolud be fair. I want to cancel the subscrpition and get a refund of $240. I checked the documentation first and could not find anything. Get back to me when you can.",Billing,High,true,false
Hello support It changes nothing about how we use the product which means no response needed really. What is the recommended way to structure teams for 1800 users.,General Inquiry,Low,true,true
"Good morning, We downgraded from enterprise to pro but were still billed the old rate. It is becoming a bit of a problem. This started for the last 48 hours. Cheers.",General Inquiry,Medium,true,true
"good morning, should i talk to about a renewal conversation nobody else has even mentioned it",General Inquiry,Low,true,false
"hi team, timestamps display in utc on the team management screen but in local time everywhere else. nobody else has even mentioned it which means this has zero impact on work - absolutely no rush on this. logged from our pro workspace. please advise.",Bug Report,Low,true,false
Our finance team needs invoices setn to a different email address?!,Billing,Medium,false,false
requests from our ubuntu 24.04 build fail with err_connection_reset but curl works fine. it is more of an irritation than a problem. reference inv-99213 if that helps.,Technical Issue,Medium,true,false
Hi team The credit note you issued for inv-99213 never appeared on our statement. Thanks!,Billing,Medium,false,false
Dns resolution for your api endpoint fails from our region. Thanks!,Technical Issue,High,false,false
"Hi support, Is slackk notifications something that exists today or am i missing it. Absolutely no rush on this. Appreciate the help!!!!",General Inquiry,Low,true,false
"hi there, which regions do you host data in.",General Inquiry,Critical,false,false
"Hey, Could the search bar support slack notifications at some point. Get back to me when you can.",Feature Request,Low,false,false
"Hi team, I a 403 when opening the api console even though i am a workspace owner. Only a handful of us run into it which means it is more of an irritation than a problem. Please advise.",Login/Access,Medium,true,false
"Hello, Can we get a copy of your security questionnaire responses!!",General Inquiry,Medium,false,false
Percentages on the summary card do not add up to 100. Our launch today is at risk. Thanks in advance.,Bug Report,Critical,true,false
Do you offer training sessions for new guest collaborator accounts. Happy to provide more detail if useful.,General Inquiry,Low,false,false
"Hi folks, The console throws a null reference error when i open the search bar. It matters to us but we are not on fire. I am on Chrome on Android running Windows 10. Gst back to me when you can.",Bug Report,Medium,true,false
"Dear support team, Uploading a file over 500 mb fails silently with no error shown. Only i have noticed it so far, this has zero impact on our work. Tried again a few hours later with the same result.",Bug Report,Low,true,false
"Dear support team, I would like to update the billing address on our account.",Billing,Low,false,false
"Hi support, pur 40 new hires cannot accept their qorkspace invitations. Our whole workflow has stopped dead. we are losing revenue by the minute. This started since the last release. Please advise.",Login/Access,Critical,true,false
The export contaains another customer's rows mixed into ours The entire company is blocked which means we need a call as soon as humanly possible Our developer confirmmed the same behaviour on Debian 12 Get back to me when you can,Bug Report,Critical,true,false
"hey, the undo button restores the wrong version of the record. only i have noticed it so far. we are not blocked in any way.",Bug Report,Low,true,false
"Good morning, Can we get a copy of your security questionnaire responses. A whole department is working around this. our project timeline has already slipped once. We are on the Business plan. Looking forward to your reply.",General Inquiry,High,true,false
"Hi team, The column widths on the reports page reset every time i navigate away. Nothing is actually blocked because of it which means sometime in the next few weeks would be fine. Appreciate the help.",Bug Report,Medium,true,false
"hi folks, please move our billing cycle from monthly to annual on the starter plan. thanks!",Billing,Medium,false,true
Is there a guide for setting up hubspot. It is purely cosmetic - we are not blocked in any way - just noting it for the record. Let me know.,General Inquiry,Low,true,false
"Hello, Absolutely no rush on this. I want to cancel the subscription and get a refund of £320. Cheers.",Billing,Low,true,false
"Hello, Throughput dropped by half for about three days with no change on our side It shows up every now and then Please advise",Technical Issue,Medium,true,false
Only i have noticed it so far. What happens to our data if we cancel the scae plan!!!!,General Inquiry,Low,true,false
"Good morning, Our 40 new hires cannot accept their workspace invitations Our whole workflow has stopped dead, so we need a call as soon as humanly possible Looking forward to your reply",Login/Access,Critical,true,false
"Hey, We can work around it for now. The modal on the user directory cannot be closed once it opens in chrome incognito.",Bug Report,Medium,true,false
Hey I want to cancel the subscription and get a refund of £320. It affects one part of our workflow so it is more of an irritation than a problem so sometime in the next few weeks would be fine. We are on the Free plan. Please advise.,Billing,Medium,true,false
"Morning, I lost phone and cannot get past the mfa prompt.",Login/Access,Low,false,false
"hi there, a small suggestion, granular notification settings would save our team a lot of clicks. thanks for your time.",Feature Request,Low,false,false
The payment method on file expired and i cannot update it in the dashboard. is purely cosmetic. this has zero impact on our work. Reference ORD-44812 if that helps. Thanks in advance.,Billing,Low,true,false
Is an offline mode something that exists today or am i missing it. Let me know.,General Inquiry,High,false,false
"Hi there, The loading spinner keeps spinning briefly after content has rendered. It is a single screen and nothing else andd just noting it for the record. Tried again ten minuts later with the same result. Appreciate the help?!",Bug Report,Low,true,false
"Our whole workflow has stopped dead and our executives are asking for updates every few minutes, we need a call as soon as humanly possible The ssl certificate on your api ohst looks like it is misconfigured Looking forward to your reply",Technical Issue,Critical,true,false
i want to switch my login email to a different address. absolutely no rush on this. let me know if you need screenshots.,Login/Access,Low,true,false
THE search bar is unreachable from our office network but fine on mobile data. Moderately important from where we sit.,Technical Issue,High,true,false
"Hi support, The retry logic gets stuck in a loop becaause /api/webhooks returns econnrefused It is purely cosmetic - everything else works perfectly well, just noting it for the record",Technical Issue,Low,true,false
"hi support, everything else works perfectly well and absolutely no rush on this. please add slack notifications, every competitor we evaluated has it. this started since the last release.",Feature Request,Low,true,false
sorting by name in the export export tool puts uppercase entries in a random order looking forward to your reply,Bug Report,Medium,false,false
We downgraded from free to enterprise but were still billed the old rate. Let me know.,Billing,Medium,false,false
"hello, memory usage in our worker spikes whenever we call /v2/invoices nobody else has even mentioned it cheers",Technical Issue,Low,true,false
"Good morning, Our team keeps asking for role-based permissions, is it planned. All of our services depending on this are failing and this absolutely cannot wait. Get back to me when you can.",Feature Request,Critical,true,false
The modal on the onboarding flow cannot be closed once it opens in firefox 133. Thanks!,Bug Report,High,false,false
Can we get a copy of your security questionnaire responses We lose a few minutes here and there which menas just putting it on your radar It happens on Firefox 133 as well Appreciate the help,Billing,Medium,true,true
what is the recommended way to structure teams for 40 users appreciate the help,General Inquiry,Low,false,false
"Hi support, The search bar ignores hyphens so no results come back for hyphenated names. A couple of people have noticed it - we can work around it for now, just putting it on your radar. Appreciate the help.",Bug Report,Medium,true,false
"Hello, The login page rejects my correct password in edge 131 but works elsewhere. We can work around it for now. Get back to me when you can.",Login/Access,Medium,true,false
The form accepts an invalid email address and saves it without complaint.,Bug Report,High,false,false
"Morning, Could you confirm the recommended timeout setting for /v2/invoices. A couple of people have noticed it, would be good to have this fixed eventually. Logged from our Scale workspace.",Technical Issue,Medium,true,false
"HI folks, Our team keeps asking for jira integration, is it planned. It is purely cosmetic. everything else works perfectly well. purely for your awareness. Thanks for your time.",Feature Request,Low,true,false
"Dear Dear support team, Having role-based permissions would remove the last manual step in our process. Let me know.",Feature Request,Medium,false,false
"Hi folks, Percentages on the summary card do not add up to 100. Somewhere in the middle of your queue would be fair. Please advise.",Bug Report,Medium,true,false
"Hi folks, I was nvited as a workspace owner but the invitation link says it is invalid. It is more of an irritation than a problem, just pugting it on your radar. Let me know if you need screenshots!!!!",Login/Access,Medium,true,false
yoru status page says everything is finee bbut we sew econnrefused on /api/webhooks. reproduced by 7 different people here.,Technical Issue,High,false,false
"Hi folks, Access to the export tool disappeared after our plan changed to pro. Not one person here can get anything done. we are fielding angry calls because of this. Let me know if you need screenshots.",Login/Access,Critical,true,false
"Hi folks, It is purely cosmetic. A dark colour scheme for the analytics view would be easier on the eyes. Looking forward to your reply.",Feature Request,Low,true,false
Would you consider multi-currency support as a paid add-on. Thanks!,Feature Request,Medium,false,false
Toggling a setting off in the admin console turns it back on after a reload. Not critical but certainly not trivial either. Reference ORD-88190 if that helps. Cheers.,Bug Report,High,true,false
"Hi team, It would be nice if the permissions matrix remembered my last filter Happy to wait for the next release Let me know if you need screenshots",Feature Request,Medium,true,false
"Morning, I was double charged when i retried a failed payment of $9.99. Only a handful of us run into it. Tried again about an hour later with the same result.",Billing,Medium,true,false
"Our team keeps asking for webhook retries, is it planned. Thanks in advance!!!",Feature Request,Low,false,false
Hi there We would love to see sso with okta integrated with zapier. It comrs up maybe once a day and nothing is actually blocked because of it - just putting it on your radar. This started fro the last 48 hours.,Feature Request,Medium,true,false
"Hi support, The csv export is missing the last column on every row It shiws up every now and then and no particular deadline from our side Ticket raised on behalf of our manager Thanks in advance",Bug Report,Medium,true,false
"Good morning, The login page rejects my correct password in chrome on android but works elsewhere. Thanks for your time.",Login/Access,Medium,false,false
"Hello, The retry logic gets stuck in a loop because /v2/search returns 500. Most of our read-only user accounts are running into it and we are falling behind on a deadline because of it which means our team lead has asked me to chase this. Our developer confirmed the same behaviour on iOS 18.1. Looking forward to your reply.",Technical Issue,High,true,false
"Hi support, The console throws a null reference error when i open the search bar.",Bug Report,High,false,false
the date filtsr returns results outside the range i selected. let me khow if you need screenshots.,Bug Report,Critical,false,false
Memory usage in our worker spikes whenever we call /v2/invoices. Nothing depends on this at all. Any help appreciated.,Technical Issue,Low,true,false
every request to /api/webhooks has returned 403 since the last release all 7 of our users are down our own customers are already complaining please advise,Technical Issue,Critical,true,false
"Dear support team, Purely for your awareness Archived records still show up in the webhook manager by default Appreciate the help",Bug Report,Low,true,false
"hello support, a dark colour scheme for the admin console would be easier on the eyes nobody else has even mentioned it and everything else works perfectly well please advise",Feature Request,Low,true,false
"Hi team, Is granular notification settings something that exists today or am i missing it. Get back to me when you can.",General Inquiry,Medium,false,false
Morning The auto-renewal took $9.99 out of our account without any notice. It affects a large part of our daily workflow and please prioritise this above the rest of our queue.,Billing,High,true,false
"hi folks, where can i fimd documentation fro the project timeline. only i have noticed it so far, we are not blocked in any way and purely for your awareness. reference inv-20415 if that helps.",General Inquiry,Low,true,false
The api returns results in a different order between calls. Please advise.,Technical Issue,Medium,false,false
"Good morning, Editing a billing contact and saving silently reverts the change Thanks in advance",Bug Report,High,false,false
I lost my phone and cannot get past the mfa prompt. Nobocy else has even mentioned it. everything else works perfectly well whiich means no response needed really. Cheers.,Login/Access,Low,true,false
"Hi there, Is there a plan to bring an ofline mode to the starter tier. Let me know.",Feature Request,High,false,false
"Dear support team, We were billed $129.00 for seats we cancelled and the card has already been debited!!",Billing,Low,false,true
Is saved filters something that exists today or am i missing it. Cheers.,General Inquiry,Low,false,false
"Dear support team, Upliading a file over 60 mb fails silently with no error shown. Absolutely no rush on this. Cheers.",Bug Report,Low,true,false
"Hi there, Responses from /v1/exports have been returning truncated payloads We have a manual fallback that works - would be good to have this fixed eventually Let me know if you need screenshots",Technical Issue,Medium,true,false
"Morning, Clicking save on on the mobile app wipes the form and loses my input. Appreciate the help.",Bug Report,Critical,false,false
"Hello support, Nobody else has even mentioned it. it changes nothing about how we use the product. please put it at the very bottom of the queue. How How do i invite a billing contact to our workspace. Cheers!!!!",General Inquiry,Low,true,false
"Hello support, Which regions do you host data in. Get back to me when you can.",General Inquiry,High,false,false
"Morning, A small suggestion, two-way calendar sync would save our team a lot of clicks. It shows up every now and then which means happy to wait for the next release.",Feature Request,Medium,true,false
the column widths on the admin console reset every time i navigate away. it affects one part of our workflow. would be good to have this fixed eventually. this started for about three days. any help appreciated.,Bug Report,Medium,true,false
"Hello support, Any chance you could support an audit trail for enterprise customers. Appreciate the help.",Feature Request,Medium,false,false
"morning, timestamps display in utc on the project timeline but in local time everywhere else. it is purely cosmetic and nothing depends on this at all. let me know.",Bug Report,Low,true,false
"Hi team, It slows us down a little, sometime in the next few weeks would be fine. We see 500 errors in our logs for roughly 200 requests per minute. Reference ORD-44812 if that helps.",Technical Issue,Medium,true,false
Hi support The webhook manager takes over about an hour to load for everyone on our team. Most of our admin accounts are running nito it. we would lke an update today if you can manage it. Any help appreciated.,Technical Issue,High,true,false
"a couple of people have noticed it, so we lose a few minutes here and there. is there a sandbox i can test against before going live. get back to me when you can.",General Inquiry,Medium,true,false
"good morning, the ssl certificate on your api host looks like it is misconfigured. looking forward to your reply.",Technical Issue,Medium,false,false
"Good morning, We are being billed for 7 seats but only have 40 active users. It shows up every now and then, so we have a manual fallback that works and worth looking at when you get a chance. Appreciate the help.",Billing,Medium,true,false
An option to disable the default behaviour in the settings page would help. Any Any help appreciated.,Feature Request,Low,false,false
"hi folks, we have a manual fallback that works and just putting it on your radar. pagination skips the first item on page two. cheers.",Bug Report,High,true,true
"Hello, Access to the export tool disappeared afte our plan changed to business Please advise",Login/Access,Critical,false,false
The magic link expires before i can click it. No particular deadline from our side. Thanks!,Login/Access,Medium,true,false
THE export contains another customer's rows mixed into ours It is eating into time we do not have This started since yesterday,Bug Report,High,true,false
A failed payment has locked our whole workspace out of the audit log Appreciate the help,Billing,Critical,false,false
Our 40 new hires cannot accept their workspace invitations. It is spreading to more of the team as WE onboard. Thanks in advance.,Login/Access,High,true,false
"Hi there, Our team keeps asking for pdf export, is it planned Not critical but certainly not rivial either Screenshots attached Let me know if you need screenshots",Feature Request,High,true,false
"Hi there, Access to the api console disappeared after our plan changed to starter. Please escalate this right now. I checked the documentation first and could not find anything.",Login/Access,Critical,true,true
"Hey, This affects every customer we have. we are fielding angry calls because of this, we need an emergency fix today. Every request to /v1/users has returned 502 for about three days. Let me KNOW.",Technical Issue,Critical,true,false
"Good morning, Toggling a setting off in the billing portal turns it back on after a reload. Our workspace has has about 500 users.",Bug Report,Low,false,false
"morning, it is a single screen and nothing else, so absolutely no rush on this. could the project timeline support keyboard shortcuts at some point. screenshots attached. let me know.",Feature Request,Low,true,false
It is eating into time we do not have. hoping for a quick turnaround if at all possible. We are hitting a rate limit 40 requests and cannot complete a sync. Tried again ten minutes later with the same result. Let me know if you need screenshots.,Technical Issue,High,true,false
"Hi there, Is there a guide for setting up shopify. We are not blocked in any way and purely for your awareness. Appreciate the help.",General Inquiry,Low,true,false
"hi there, not one person here can get anything done. we need a call as soon as humanly possible. data entered yesterday has disappeared from the invoice list entirely. we are on the enterprise plan. thanks for your time.",Bug Report,Critical,true,false
"Hello, Toggling A setting off in the invoice list turns it back on after a reload Only i have noticed it so far genuinely not a priority for us",Bug Report,Low,true,false
"hi there, we are not blocked in any way. no response needed really. a manager on our team cannot see the search bar at all. happy to provide more detail if useful.",Login/Access,Low,true,false
"Hey, What is the difference between the pro and growth plans. It shows up every now and then - no particular deadline from our side.",General Inquiry,Medium,true,false
"Morning, Our card on file keeps failing even though the bank confirms it is fine. We have had to build a manual workaround to cope which means hoping for a quick turnaround if at all possible. Get back to me when you can.",Billing,High,true,false
"hello support, the onboarding flow takes over two hours to load for everyone on our team.",Technical Issue,Low,false,false
"Hi folks, What is the recommended way to structure teams for 25 users. It affects one part of our workflos - we lose a few minutes here and there.",General Inquiry,Medium,true,false
"hi there, can we get a copy of your security questionnaire responses we can work around it for now, worth looking at when you get a chance happy to provide more detail if useful",General Inquiry,Medium,true,false
"It comes up maybe once a day, we can work around it for now and worth looking at when gte a chance. The reports page takes over three days to load for everyone on our team.",Technical Issue,Medium,true,false
The total on the search bar shows a different number than the export It affects a large part of our daily workflow it is costing us hours every day and we need this sorted before the end of the week,Bug Report,High,true,false
hTe invoice for 2026-09-09 has the wrong vat number on it. It shows up every now and then. just putting it on your radar.,Billing,Medium,true,false
my session expires after a couple of minutes and logs me out. our workspace has about 200 users.,Login/Access,Medium,false,false
"Hi team, The total on the onboarding flow shows a different number than the export. Let me know.",Bug Report,Low,false,false
"Hello, Please add a bulk edit action, every competitor we evaluated has it. It affects one part of our workflow, so nothing is actually blocked because of it. Ticket raised on on behalf of our workspace owner.",Feature Request,Medium,true,false
Sso through segment redirects back to the login page in a loop. Screenshots attached. Appreciate the help.,Login/Access,High,false,false
The undo button restores the wrong version of the record. About 3 people have reported it internally and please prioritise this above the rest of our queue. Thanks!,Bug Report,High,true,false
"Hello, How do i read the numbers shown on the analytics view. Thanks!",General Inquiry,Medium,false,false
"Hi folks, Duplicate entries appear every time i refresh the notifications panel. Please advise.",Bug Report,Low,false,false
"Hi folks, I get a 403 when opening the reports page even though i am a manager. Happy to wait for the next release. We are on the Team plan. Looking forward to your reply.",Login/Access,Medium,true,false
"is a native mobile app something that exists today or am i missing it. it is purely cosmetic. reproduced by 1,800 different people here.",General Inquiry,Low,true,false
"Morning, The bulk action applied itself to every record rather than the selected ones. It affects a large part of our daily workflow. our team lead has asked me to chase this. Tried again three days later with the same result.",Bug Report,High,true,false
we see 404 erroors in our logs for roughly 3 requests per minute. it affects one part of our workflow.,Technical Issue,Medium,true,false
"It shows up every now and then, so it slows us down a little The invoice for 2026-09-09 has the wrong vat number on it Thanks!",Billing,Low,true,true
"Hello, Is a bulk edit action something that xists today or am i missnig it Genuinely not a priority for us",Billing,Low,true,true
"Good morning, Purely for your awareness. Toggling a setting off in the project timeline turns it back on after a reload.",Bug Report,Low,true,false
"Dear support team, Api latency went from milliseconds to several seconds since this morning Please put it at the very bottom of the queue",Technical Issue,Low,true,false
The login page rejects my correct password in firefox 133 but works elsewhere.,Login/Access,Low,false,false
it would be really useful to have webhook retries in the webhook manager. any help appreciated.,Feature Request,Low,false,false
who should i talk to about a renewal conversation. we have an active incident open on our side. appreciate the help.,General Inquiry,High,true,true
"I want to cancel the subscription and get a refund of $1,204.50. Absolutely no rush on this. Let me know.",Billing,Low,true,true
"Dear support team, Nobody else has even mentioned it, so nothing depends on this at all, please put it at the very bottom of the queue. We work AROUND the lack of slack notifications with a spreadsheet today!!!",Feature Request,Low,true,false
"Good morning, The api returns results in a different order between calls. We are not blocked in any way, so genuinely not a priority for us. We are on the Growth plan. Any help appreciated.",Technical Issue,Low,true,false
How long does it usually take for support to respond. Logged from our Growht workspace. Any help appreciated.,General Inquiry,High,false,false
"God morning, We are falling behind on a deadline because of it. Toggling a setting off in the invoice list turns it back on after a reload. Let me know.",Bug Report,High,true,false
"Hello support, The nightly export job has been timing oit since the last release.",Technical Issue,High,false,false
"Hello, The console throws a null reference error when i open the analytics view. SOMEWHERE in the middle of your queue would be fair. Thanks for your time.",Bug Report,Medium,true,false
Responses from /v1/exports have been returning truncated payloads. A couple of people have noticed it. we have a manual fallback that works. Tis startde since this morning. Lett me know.,Technical Issue,Medium,true,false
"Hi there, Only a handful of us run into it - no particular deadline from our side. Bulk selecting rows and applying an action only affects the first one. Appreciate the help.",Bug Report,Medium,true,false
"submitting the form deletes the existing record instead of updating it. all of our services depending on this are failing, so we arre fieling angry calls because of this and there is no workaround available to us at all. let me know if you need screenshots.",Bug Report,Critical,true,false
"morning, the bulk action applied itself to every record rather than the selected ones. entire company is blocked and this absolutely cannot wait?!",Bug Report,Critical,true,false
"Dear support team, The credit note you issued for txn-3391082 never appeared on our statement Happy to provide more detail if useful",Billing,Low,false,false
"Hello, Bluk imports of 12 records stall halfway through with no error. Looking forwrd to your reply.",Technical Issue,High,false,false
"Good morning, What is the difference between the free and starter PLANS. Let me know if you need screenshots.",General Inquiry,Medium,false,false
"good morning, how do i rotate the api key on my account. let me know.",Login/Access,Low,false,false
"We occasionally see a retry warning in the logs, is that expected. I on Chrome on Android running Ubuntu 24.04.",Technical Issue,Medium,false,false
"Hi team, Role permissions reset to read-only for our whole team overnight. This started since this morning.",Login/Access,High,false,false
"Hi support, We see 500 errors in our logs for roughly 500 requests per minute. Not critical but certainly not trivial either.",Technical Issue,Medium,true,false
"Hi team, The analytics view takes over a few hours to load for everyone on our team. It comes up maybe once a day, nothing is actually blocked because of it. Appreciate the help.",Technical Issue,Medium,true,false
"Dear support team, Our purchase order number is missing from every invoice you send. We can work around it for now, worth looking at when you get a chance. Please advise.",Billing,Medium,true,false
"A small suggestion, a bulk edit action would save our team a lot of clicks Let me know",Feature Request,Medium,false,false
"dear support team, enforcing mfa locked out every user who had not enrolled yet. it affects one part of our workflow. looking forward to your reply.",Login/Access,Medium,true,false
"Hey, The ssl certificate on your api host looks like it is misconfigured. It is affecting a few people here.",Technical Issue,High,true,false
"hey, is an audit trail something that exists today or am i missing it. appreciate the help.",General Inquiry,Low,false,false
"Dear support team, It is gettnig noticeably worse week on week. The credit note you issued for ord-44812 never appeared on our statement. Appreciate the help.",Billing,High,true,false
Can WE switch the enterprise subscription to invoice-based payment terms?!,Billing,Low,false,false
"Hi support, Password reset says teh accojnt does not exist but i receive your illing email. Somewhere in the middle of your queue wuold be fair. I have already tried clearing the cache and reinstalling. Cheers.",Login/Access,High,true,true
"Hi there, We need multi-currency support before we can roll this out to 60 people.",Feature Request,Critical,false,false
"Please add a bulk edit action, every competitor we evaluated has it. Please advise.",Feature Request,Medium,false,false
"morning, our audjtor is asking where our data is stored and we have to answer today this is costing us money every hour it continues, so pleas escalate this right now let me know",General Inquiry,High,true,true
the stripe sync has been failing with econnrefused. appreciate the help.,Technical Issue,High,false,false
"We are in breach of our sla as of this morning, so we need an emergency fix today. The hubspot sync has been failing with timeout_exceeded. Reference ORD-88190 if that helps. Please advise.",Technical Issue,Critical,true,false
"the date filter returns results outside the range i selected several people on the team are affected and we are falling behind on a deadline because of it, so flaggijg this as important on our side looking forward to your reply",Bug Report,High,true,false
"Hi there, We removed a user and now nobody can access the admin console It affects a large part of our daily workflow and it is getting noticeably worse week on week Any help appreciated",Login/Access,High,true,false
"hi support, how do i read the numbers shown on the export tool. only i have noticed it so far. this has zero impact on our work. it happens on safari 18 as well. any help appreciated.",General Inquiry,Low,true,false
"Good morning, We would like to review which accounts still have admin rights. Get back to me when you can.",Login/Access,Medium,false,false
"Hi there, The two factor code from my authenticator is rejected every time. We would like an update today if you can manage it. Let me know if you need screenshots!!!",Login/Access,High,true,false
"Hi folks, Is the mobile app covered by your uptime commitment. Get back to me wheh you can!!!",General Inquiry,Critical,false,false
Our team subscription was cancelled by mistake and service has stopped. A whole department is working around this - flagging this as important on our side. Looking forward to your reply.,Billing,High,true,false
"Hi there, Dns resolution for your api endpoint fails from our region. Get back to me when you can.",Technical Issue,High,false,false
The console throws a null reference error when i open the webhook manager. We have a manual fallback that works which means would be good to have this fixed eventually. Reference ORD-44812 if tbat helps!!,Bug Report,Medium,true,false
"Dear support team, Our team subscription was cancelled by mistake and service has stopped. About 500 people have reported it internally and it is costing us hours every day?!",Billing,High,true,false
"Dear support team, The record count says 200 but only 25 rows actually render. The entire company is blocked and this is urgent in the strongest sense of the word.",Bug Report,Critical,true,false
"hello, percentages on tue summaary card do not add up to 100. this started since this morning. get back to me when you can.",Bug Report,Critical,false,false
"Good morning, I cannot log in, the password reset email never arrives. It is spreading to more of the team as WE onboard, hoping for a quick turnaround if at all possible. Let me know.",Login/Access,High,true,false
"Dear support team, We are not blocked in any way, so whenever you happen to get to it is fine. The total on the api console shows a different number than the export. I checked the documentation first and could not find anything.",Bug Report,Low,true,false
The stripe integration disconnects itself every few hours. Several people on the team are affected - it is eating into time we do not have. I have already tried clearing the cache and reinstalling. Get back to me when you can.,Technical Issue,High,true,false
connections to your service drop after about minutes. get back to me when you can.,Technical Issue,High,false,false
"hi team, this is more disruptive than it probably sounds the export contains another customer's rows mixed into ours our workspace haas about 200 users",Bug Report,High,true,false
"Hello support, Data entered yesterday has disappeared from the search bar entirely. Every single user is affected - we have had to paues operations entirely.",Bug Report,Critical,true,false
"hi folks, it is purely cosmetic and nothing depends on this at all and please put it at the very bottom of the queue i need a copy of the receipt for tkt-10233 for our finance team it happens on chrome 131 as well",Billing,Low,true,false
"Dear support team, Our webhooks stopped being delivered all week. About 12 people have reported it internally - our team lead asked me to chase this. Reference REF-77120 if that helps. Please advise.",Technical Issue,High,true,false
We have been double charged on every invoice since 2026-08-14 Nothing is actually blocked because of it,Billing,Medium,true,false
"hi there, bulk imports of 500 records stall halfway through with no error. any help appreciated.",Technical Issue,Low,false,true
"Hi there, The retry logic gets stuck in a loop loop because /api/webhooks returns 504 Thanks!",Technical Issue,Medium,false,false
Any chance you could support webhook retries for pro customers. Nobody else has even mentioned it and no response needed really. Happy to provide more detail if useful.,Feature Request,Low,true,false
Jist noting it for the record. The workspace owner left the company and we are locked out of settings. Let me know if you need screenshots.,Login/Access,Low,true,false
"Hi team, The zapier integration disconnects itself every few hours. A couple of people have noticed it - worth looking at when you get a chance. Thanks for your time.",Technical Issue,Medium,true,false
"Hi folks, What happens to our data if we cancel the team plan. Appreciate the help.",General Inquiry,High,false,false
"Hey, Only i have noticed it so far, so whenever you happen to get to it is fine. Our finance team needs invoices sent to a different email address. LET me know if you need screenshots.",Billing,Medium,true,true
"Hi support, A whole department is working around this, so it is costing us hours every day The workspace owner left the company snd we are locked out of settings Looking forward to your reply",Login/Access,High,true,false
"hello, the loading spinner keeps spinning briefly after content has rendered. logged from our growth workspace. cheers.",Technical Issue,Low,false,true
"good morning, an option option to disable the default behaviour in the mobile app would help. thanks for your time!!!",Feature Request,Low,false,false
"Good morning, We occasionally see a retry warning in the logs, is that expected Only a handful of us run into it, sometime in the next few weeks would be fine Reproduced by 12 different people here",Technical Issue,Medium,true,false
"Only i have noticed it so far, so this has zero impact on our work. Bulk imports of 1,800 records stall halfway through with no error. Reference ORD-44812 if that helps.",Technical Issue,Low,true,false
Hello The webhook manager is unreachable from our office network but fine on mobile data. Our production environment is completely down.,Technical Issue,Critical,true,false
"Hello, Our 25 new hires cannot accept their workspace invitations. Looking forward to your reply.",Login/Access,Critical,false,false
"We are not blocked in any way, whenever you happen to get to it is fine. Do you offer training sessions for new guest collaborator accounts. We are on the Team plan. Appreciate the help.",General Inquiry,Low,true,false
"Hi support, We would love to see an audit trail integrated with hubspot. It shows up every now and then and nothing is actually blocked because of it.",Feature Request,High,true,true
"Hello, Sso through hubspot redirects back to the login page in a loop It is costing us hours every day - hoping for a quick turnaround if at all possible Appreciate the help",Login/Access,High,true,false
"Hi support, The csv export is missing the last column on every row. It is a single screen and nothing else. Any help appreciated.",Bug Report,Low,true,false
Dulicate entriez appear every time i refresh the audit log. About 3 people have reported it internally - flagging this as important on our side.,Bug Report,High,true,false
The salesforce sync has been failing with err_connection_reset. Logged from our Pro workspace. Appreciate the help.,Technical Issue,Critical,false,false
"can you explain the proration line item of €1,450.00 on our last invoice. please advise.",Billing,Medium,false,false
Your status page says everything is fine but we see 503 on /v2/search. Any help appreciated.,Technical Issue,Medium,false,false
"Hi folks, Our finance team needs invoices sent to a different email address. Get back to me when you can.",Billing,Medium,false,false
"Hey, Do you offer training sessions for new manager accounts. Looking forward to your reply.",General Inquiry,Low,false,false
"Nobody on the team can work at all, we need a call as soon as humanly possible The salesforce sync has been failing with err_connection_reset Let me know",Technical Issue,Critical,true,false
"hi support, we would like to review which accounts still have admin rights nothing depends on this at all, so purely for your awareness it happens on brave as well thanks in advance",Login/Access,Low,true,false
"Hi folks, We would like an api endpoint that mirrors slack notifications Please prioritise this above the rest of our queue Happy to provide more detail if useful",Feature Request,High,true,false
the account recovery flow keeps asking for a code it never sends i am on edge 131 running windows 10 let me know if you need screenshots,Login/Access,High,false,true
Thee nightly export job has been timing out for about three days. This affects every customer we have - we nerd an emergency fix today.,Technical Issue,Critical,true,false
The /v1/exports endpoint returns 404 intermittently. Get back to me when you can.,Technical Issue,High,false,false
"My sesssion expires after a couple of minutes and logs me out. We have a manual fallback that works, would be good to have this fixed eventually. Any help appreciated.",Login/Access,Medium,true,false
"hey, it would be nice if the permissions matrix remembered my last filter.",Feature Request,Low,false,false
"Morning, Can you explain the proration line item of $79 on our last invoice It is purely cosmetic and genuinely not a priority for us Tried again two hours later with the same result Please advise",Billing,Low,true,false
"Nothing depends on this all. please put it at the very bottom of the queue. A small suggestion, ddark mode would save our team a lot of clicks.",Feature Request,Low,true,false
"Dear support team, Who should i talk to about a renewal conversation. It shows up every now and then, it is more of an irritation than a problem. Reproduced by 500 different people here. Looking forward to your reply.",General Inquiry,Medium,true,false
"Morning, It affects a large part of our daily workflow and our team lead has asked me to chase this. The date filter returns results outside the range i selected.",Bug Report,High,true,false
"hello, would be good to have this fixed eventually. the credit note you issued for ord-44812 never appeared on our statement. thanks for your time!!!",Billing,Medium,true,false
"Hi support, How lonng does it usually take for support to respond. It does not really affect anything we do. Cheers.",General Inquiry,Low,true,false
The nightly export job has been timing out since tuesday. Our workspace has about 25 users.,Technical Issue,High,false,false
"Morning, An option to disable the default behaviour in the reports page would help. Nobody else has even mentioned it - everything else works perfectly well, please upt it at the very bottom of the queue. Cheers.",Feature Request,Low,true,false
Throughput dropped by half since tuesday with no change on our side. Get back to me when you can.,Technical Issue,High,false,false
It shows up every now and then and would be good to have this fixed eventually. Toggling a setting off in the webhook manager turns it back on after a reload. I I am on Chrome 131 running Debian 12.,Bug Report,Medium,true,false
"Morning, The invoice for 2026-09-09 has the wrong vat number on it A good portion of our users hit this DAILY Any help appreciated",Billing,High,true,false
"hi team, why did our bill jump from $9.99 to $49 with no plan change reproduced by 7 different people here appreciate the help",Billing,High,false,false
Connections to your service drop after about two hours. Ticket raised on behalf of our billing contact. Appreciate the help.,Technical Issue,Medium,false,false
The retry logic gets stuck in a loop because /v2/invoices returns 404 Moderately important from where we sit,Technical Issue,Medium,true,false
"Dear support team, We have had to pause operations entirely hTe snowflake integration disconnects itself every few hours Thanks in advance",Technical Issue,Critical,true,false
It shows up every now and then and would be good to have this fixed eventually. The total on the team management screen shows a different number than the export. Get back to me when you can.,Bug Report,Medium,true,false
"Hello, The workwpace owner left the comppany and we are locked out of settings. It is eating into time we do not have. Let me know if you need screenshots.",Login/Access,High,true,false
The credit note you issued for inv-99213 never appeared on our statement. Looking forward to your reply.,Billing,Low,false,false
"Hello support, How long does it usually take for support to respond. Get back to me when you can!!",General Inquiry,Medium,false,false
"We are hitting a rate limit of 1,800 requests and cannot complete a sync. Moderately important from where we sit. I am on Chrome 131 running Windows 10.",Technical Issue,Medium,true,false
The refund for tkt-10233 was approved for the last 48 hours but has not landed.,Billing,Medium,false,false
"good morning, requests from our android 15 build fail with timeout_exceeded but curl works fine. it affects one part of our workflow and we lose a few minutes here and there, worth looking at when you get a chance. our workspace has about 7 users. any help appreciated.",Technical Issue,High,true,true
"dear support team, only a handful of us run into it - we have a manual fallback that works. how long does it usually take for support to respond. i checked the documentation first and could not find anything. please advise.",General Inquiry,Medium,true,false
Requests from our macos 15.2 build fail with 500 but curl works fine. Most of our manager accounts are running nito it and it is costing us hours every day. It happens on Edg 131 as well.,Technical Issue,High,true,false
"Good morning, We would love to see multi-currency support inyegrated with netsuite. We arre not blocked in any way, so absolutely no rush on this. We are on the Free plan. Please advise.",Feature Request,Low,true,false
"Dear support team, Could you add our company registration number to future invoices. Genuinely not a priority for us. Let me know.",Billing,Low,true,false
Every request to /v1/subscriptions has returned 429 for the last 48 hours. It comes up maybe once a day. Our developer confirmed the same behaviour on macOS 15.2. Let me know!!,Technical Issue,Medium,true,false
"hey, our business subscription cancelled by mistake and service has stopped. i have already tried clearing the cache and reinstalling. happy to provide more detail if useful.",Billing,Critical,false,false
"hi there, can you point me at the onboarding checklist for new teams. it is a single screej and nothing else. purely for your awareness. appreciate the help.",General Inquiry,Low,true,false
"Morning, My session expires after a couple of minutes and logs me out. It affects a large part of our daily workflow which means please prioritise this above the rest of our queue. Let me know.",Login/Access,High,true,false
Percentages on the summary card do not add up to 100. It is purely cosmetic. Appreciate the help.,Technical Issue,Low,true,true
The invoice for 2026-09-01 has the wrong vat number on it. It does not really affect anything we do and it changes nothing about how we use the product which means whenever you happen to get to it is fine. We are on the Business plan. Thanks in advance!!!,Billing,Low,true,false
The modal on the admin console cannot be closed once it opens in chrome on android. Please put it at the very bottom of the queue.,Bug Report,Low,true,false
It comes up maybe once a day. Your status page says everything is fine but we see 429 on /v2/orders. Reproduced by 200 different people here. Get back to me when you can.,Technical Issue,Medium,true,false
"hi folks, our card on file keeps failing even though the bank confirms it is fine. we would really appreciate a fix within a day or two. happy to provide more detail if useful.",Billing,High,true,false
Hi there We would like this looked at reasonably soon. The hubspot integration disconnects itself every few hours.,Technical Issue,Medium,true,false
Morning The retry logic gets stuck in a loop because /v2/reports/generate returns 500. It shows up every now and then would be goood to have this fixed eventually. I am on Chrome 131 running macOS 15.2. hTanks for youf time.,Technical Issue,Medium,true,false
"Hello, Submitting the form deletes the existing record instead of updatng it. It is eating into time we do not have. Thanks for your time.",Bug Report,High,true,false
"Hi support, The invoice for 2026-08-30 has the wrong vat number on it. A couple of people have noticed it, so it is more of an irritation than a problem - sometime in the next few weeks would be fine. Happy to provide more detail if useful.",Billing,Medium,true,false
"Morning, We need consolidated billing across our 40 workspaces. does not really affect anything we do, so it changes nothing about how we use the product. It happens on Safari 18 as well. Thanks for your time.",Billing,Low,true,false
"Hi team, Is there a sandbox i can test against before going live. I checked the documentation first and could not find anything. Thanks!",General Inquiry,Low,false,false
"Morning, We removed a user and and now nobody can access the user directory We are falling behind on a deadline because of it hoping for a quick turnaround if at all possible Our workspace has about 7 users",Login/Access,High,true,false
We have been double charged on every invoice since 2026-08-30. Thanks in ADVANCE.,Billing,Critical,false,false
"The date filter returns results outside the range i selected. It shows up every now and then, so nothing is actually blocked because OF it. I have already tried clearing the cache and reinstalling.",Bug Report,Medium,true,false
the saml assertion is rejected with an audience mismatch it matters to us but we are not on fire,Login/Access,Medium,true,false
"hello support, somewhere in the middle of your queue would be fair. pagination skips the first item on page two.",Bug Report,High,true,false
We would love to see saved filters integrated with stripe.,Feature Request,Low,false,false
"The credit note you issued for inv-20415 never appeared on our statement. It affects one part of our workflow and we have a manual fallback that works, sometime in the next few weeks would be fine. Thanks in advance.",Billing,Medium,true,false
"Hello, WE see err_connection_reset errors in our logs for roughly 7 requests per minute.",Technical Issue,Medium,false,false
"Hello, It is purely cosmetic which means just noting it for the record How do i read the numbers shown on the settings page Thanks for your time",General Inquiry,Low,true,false
"Dear support team, Memory usage in our worker spikes whenever we call /v1/exports. It is a single screen and nothing else, this has zero impact on our work and just noting it for the record. This started since Tuesday.",Technical Issue,Low,true,false
"Morning, Please consider adding saved filters to the roadmap Appreciate the help",General Inquiry,Low,false,true
"Hey, Just putting it on your radar. A regression since the last release broke the filter on the search bar. Screenshots attached. Let me know if you need screenshots.",Bug Report,Medium,true,false
"Hello, Pagination skips the first item on page two A whole department is is working around this which means it IS eating into time we do not have and hopinf for a quick turnaround if at all possible This started all week Let me know",Bug Report,High,true,false
"HI there, Editing a billing contact and saving silently reverts the change. Let me know.",Bug Report,Medium,false,false
"Hey, Please consider adding dark mode to the roadmap It is a single screen and nothing else and it channges nothing about we use the product and purely for your awareness",Feature Request,Low,true,false
Are there bset practices for organising hte reports age at scale. We would like an update today if you can manage it.,General Inquiry,High,true,false
"Dear support team, The modal on the settings page cannot be closed once it opens in chrome incognito. It comes up maybe once a day and sometime in the next few weeks would be fine. Appreciate the help.",Bug Report,Medium,true,false
"Dear support team, The export contains another customer's rows mixed into ours",Bug Report,Medium,false,false
"hey, the loading spinner keeps spinning breifly after content has rendered. our developer confirmed the same behaviour on windows 11.",Bug Report,Low,false,false
"Hey, Any cance you could support sso with okta for enterprise customers. Appreciate the the help.",Feature Request,Medium,false,false
a regression since the last release broke the filter on the mobile app. it is getting noticeably worse week on week. logged from our pro workspace. cheers.,Bug Report,High,true,false
"Hey, I want to switch my login email to a different address. It affects one part of our workflow, so we have a manual fallback that works. Thanks in advance.",Login/Access,Medium,true,false
"hi folks, every request to /v2/reports/generate has returned timeout_exceeded since this morning. our developer confirmed the same behaviour on windows 11.",Technical Issue,Critical,false,true
"Hey, The nightly exxport has been timing out for about trhee days. Please advise!!!!",Technical Issue,High,false,false
hey our card on file ekeps failing even though the bank confirms it is fine. any help appreciated.,Billing,Medium,false,false
The two factor code from my authenticator is rejected every time. I checked the documentation first and could not find anything.,Login/Access,High,false,false
how do i read the numbers shown on the invoice list we are on the business plan,General Inquiry,Low,false,false
"Good morning, Can you explain the proration line item of £320 on our last invoice Only i have noticed it so far which means nothing depends on this at all and absolutely no rush on this I am on Chrome 131 running macOS 15.2",Billing,Medium,true,true
"Good morning, Does your api have a rate limit i should design around We have had to build a manual workaround to cope, so hoping for a quick turnaround if at all possible Appreciate the help",General Inquiry,High,true,false
"Good morning, My card was declined but the subscription still shows as active Our workspace has about 12 users Happy to provide more detail if useful",Billing,Medium,false,false
morning about 7 people have reported it internally so we would really appreciate a fix within a day or two. the record count says 1800 but only 7 rows actually render.,Bug Report,High,true,false
"Hi support, Password reset says the accountt does not exist but i receive your billing email. We are losing revenue by the minute. Refrrence ORD-88190 if that helps. Please advise.",Login/Access,Critical,true,false
"Hi there, Our account was suspended for non payment even though the invoice is paid Nobody on the team can work at all we have had to pause operations entirely and thhis absolutely cannot wait Please advise",Billing,Critical,true,false
any chance you could support slack notifications for enterprise customers. nothing depends on this at all. just noting it for the record. happy to provide more detail if useful.,Feature Request,Low,true,false
Throughput dropped by half since the last release with no change on our side. It is a single screen and nothing else whenever you happen to get to it is fine.,Bug Report,Low,true,true
Morning The chart renders an empty axis when a series has zero values. Logged from our Business workspace. Happy to provide more detail if useful.,Bug Report,Low,false,false
"Good morning, Our account was suspended for non payment even though the invoice is paid. Just putting it on your radar. Cheers.",Billing,Medium,true,false
"hi folks, i get a 403 when opening the export tool even though i am a workspace owner. sometime in the next few weeks would be fine. get back to me when you can?!",Technical Issue,Medium,true,true
"Hi team, An option to disable the default behaviour in the dashboard would help.",Feature Request,Low,false,false
"The retry logc gets stuck in a loop because /v2/search returns econnrefused Several people on the team are affected, so it is eating into time we do not have, we would really appreciate a fix within a day or two",Technical Issue,High,true,false
"Dear support team, The invoice for 2026-09-09 has the wrong vat number on it. Looking forward to your reply.",Billing,Low,false,false
"Hello, The date filter returns results outside range i selected. Only a handful of us run into it, nothing is actually blocked because of it. worth looking at when you get a chance. Please advise.",Bug Report,Medium,true,false
the stripe sync has been failing with 500.,Technical Issue,Critical,false,false
hi support what are your data retention policies for exported reports. purely for your awareness. thanks in advance.,General Inquiry,Low,true,false
"Hi support, The export contains another customer's rows mixed into ours. Nobody on the team can work at all. Happy to provide more detail if useful.",Bug Report,Critical,true,false
Hello Our finance team needs invoices sent to a different email address. Please advise.,Billing,Low,false,false
"Hi there, The payment method on file expired and i cannot update it in the reports page. We are not blocked in any way. Any help appreciated.",Billing,Low,true,false
"Hey, A regression since the last release broke the filter on the admin console. This is more disruptive than it probably sounds. We are on the Team plan. Happy to provide more detail if useful.",Bug Report,Medium,true,false
"good morning, i want to switch my login email to a different address. it does not really affect anything we do which means we are not blocked in any way and absolutely no rush on this. happy to provide more detail if useful!!!",Login/Access,Low,true,false
just putting it on your radar. we work around the lack of an audit trail with a spreadsheet today. reference ord-88190 if that helps. let me know if you need screenshots?!,Feature Request,Medium,true,false
Your status page says everything is is fine but we see err_connection_reset on /v2/events. Flagging this as important on our side. Let me know.,Technical Issue,High,true,false
We are not blocked in any way. We would adopt this much faster if slack notifications existed. I have already tried clearing the cache and reinstalling. Let me know if you need screenshots.,Feature Request,Low,true,false
"Hey, Your status page says everything is fine but we seee 403 on /v1/subscriptions. OUR projct timeline gas already slipped once, we would like an update today if you can manage it. Appreciate the help.",Technical Issue,High,true,false
Somewhere in the midde of your queue would be fair. Dns resolution for your api endpoint fails from our region. Thanks!,Technical Issue,High,true,false
"Hey, The form accepts an invalid email address and saves it without complaint. This affects every customer we have, so we are in breach of our sla as of this morning which means this absolutely cannot wait. Thanks!",Bug Report,Critical,true,false
"Good morning, The two factor code from my authenticator is rejected every time. We are losing revenue by the minute. I checked the documentation first and could not find anything. Thanks in advance.",Login/Access,Critical,true,false
"Hello, The form accepts an invalid email address and saves it without complaint. All 7 of our users are down, we have had to pause operations entirely. Get back to me when you can!!",Bug Report,Critical,true,false
An option to disable the default behaviour in the settings page would help. Only i nave noticed it so far which measn whenever you happen to get to it is fine. Get back to me when oyu can.,Feature Request,Low,true,false
"Morning, Submitting the form deletes the existing record instead of updating it. It slows us down a little and would be good to have this fixed eventually!!!",Bug Report,Low,true,true
"dear support team, why did our bill jump from $1,204.50 to $79 with no plan change. only i have noticed it so far. pet me know.",Billing,Low,true,false
"good morning, we see 403 errors in our logs for roughly 7 requests per minute. it does not really affect anything we do. please advise.",Technical Issue,Low,true,false
Api latency went from milliseconds to several seconds since yesterday. Logged from our Team workspace. Thanks!,Technical Issue,High,false,false
"hello, i cannot log in, the password reset email never arrives. the entire company is blocked. our launch today is at risk. happy to provide more detail if useful.",Login/Access,High,true,true
"Hello support, I can log in on desktop but the mobile app rejects the same credentials. It comes up maybe once a day, nothing is actually blocked because of it.",Login/Access,Medium,true,false
"good morning, it matters us but we are not on fire our finance team needs invoices sent to a different email address",Billing,Medium,true,false
"Hello support, What are your data retention policies for exported reports It is getting noticeably worse week on week Tried again 45 seconds later with the same result Please advise",General Inquiry,High,true,false
"Hi folks, How do i rotate the api key on my account.",Login/Access,Medium,false,false
The invoice for 2026-07-29 has the wrong vat number on it?!,General Inquiry,Medium,false,true
"Hi folks, The /v1/exports endpoint returns econnrefused intermittently. It is spreading to more of the team as we onboard and flagging this as important on our side. We are on the Starter plan. Cheers.",Technical Issue,High,true,false
"hi team, api latency went from milliseconds to sevefal secobds for the last 48 hours. thanks!?!",Technical Issue,Low,false,false
Would you consider a sandbox environment as a paid add-on. Our developer confirmed the same behaviour on Debian 12. Let me know if you need screenshots.,Feature Request,Low,false,false
Please consider adding granular notification settings to the roadmap Please advise,Feature Request,Medium,false,false
"Hello support, Uploading a file over 60 mb fails silently with error shown. Only a handful of us run into it, we have a manual fallback that works. just putting it on your radar. I checked the documentation first and could not find anything. Let me know.",Bug Report,Medium,true,false
"Several people on the team are affected, so our release this week is at risk and we need this sorted before the end of the week. The invoice for 2026-08-30 has the wrong vat number on it.",Billing,High,true,false
"Hi team, The audit log is unreachable from our office network but fine on mobile data. Our own customers are already complaining and we need someone on this immediately. I checked the documentation first and could not find anything. Appreciate the help?!",Technical Issue,Critical,true,false
"Dear support team, The search bar ignores hyphens so no ersults come back for hyphenated names. We lose a few minutes here and there. Our workspace has about 7 users. Cheers.",Bug Report,Medium,true,false
"hi there, how do i read the numbers shown on the search bar thanks in advance",General Inquiry,Low,false,false
"Hi there, It is eating into time we do not have. Our contract renewal depends on role-based permissionz being available. Happy to provide more detail if useful.",Feature Request,High,true,false
"Hey, We are hitting a rate limit of 200 requests and cannot complete a sync Our launch today is at risk Let me know",Technical Issue,Critical,true,false
"hi team, the ssl certificate on your api host looks like it is misconfigured.",Technical Issue,Low,false,true
it shows up every now and then - we can work around it for now - sometime in the next few weeks would be fine. the refund for inv-20415 was approved ever since the weekend but has not landed.,Billing,Medium,true,false
"Hi team, We would adopt this much faster if an offline mode existed. Screenshots attached. Let me know.",Feature Request,High,false,false
our webhooks stopped being delivered since the last release. not one person here can get anything done. thanks!,Technical Issue,Critical,true,false
"Good morning, This is more disruptive than it probaably sounds. Why did our bill jump from $240 to $129.00 wiht no pllan change. Let me know.",Billing,Medium,true,false
"Dear support team, Would be good to have this fixed eventually Our purchase order number missing from every invoice you send Tried again three days later with the same result Appreciate the help",Billing,Medium,true,false
Toggling a setting off in the admin console turns it back on atfer a reload. Tried again 20 minutes later with the smae result. Any help appreciated.,Bug Report,High,false,false
"Dear support team, How do i rotate the api key on my account.",Login/Access,Low,false,false
A regression since the last release broke the filter on the user directory. Our developer confirmed the same behaviour on Windows 11. Get back to me when you can.,Bug Report,High,false,false
most of our billing contact accounts arre running into it the credit note you issued for inv-99213 never appeaerd on our statement,Billing,High,true,false
"morning, editing a read-only user and saving silently reverts the change it is eating into time we do not have let me know",Bug Report,Critical,true,true
Is dark mode something that exists today or am i missing it. Reproduced by 60 different people here. Thanks for your time.,General Inquiry,Low,false,false
"Hello, I want to cancel the subscription and get a refund of $240. It is getting noticeably worse week on week. Ticket raised on behalf of our manager.",Billing,High,true,false
Would you consider saved filters as a paid add-on. A couple of people have noticed it and we lose a few minutes here and there. I am on Chrome on Android running macOS 15.2. Looking forward to your reply!!,General Inquiry,Medium,true,true
"Hello, The bulk action applied itself to every record rather than the selected ones. Most of our read-only user accounts are running into it which means it is eating into time we do not have which means flagging this as important on our side.",Bug Report,High,true,false
"A small suggestion, multi-currency support would save our team a lot of clicks Nobody else has even mentioned it",Feature Request,Low,true,false
we havee a security review today and need your compliance documentation now. our whole workflow has stopped dead - our launch today is at risk. thanks for your time.,General Inquiry,Critical,true,false
aCn we switch the enterprise subscription to invoice-based payment terms. This keeps coming up and we are tired of it. Cheers.,Billing,Medium,true,false
"Good morning, Access to the mobile app disappeared after our ppan changed to team. Tried again 45 seconds later with the same result. Thanks!",Login/Access,High,false,false
"Good morning, The credit note you issued for ord-44812 never appeared on our statement. It is affecting a few people here. Tried again three days later with the same result. Happy to provide more detail if useful.",Billing,High,true,false
"Does the free plan include jira integration. It comes up maybe once a day and we can work around it for now, so happy to wait for the next release!!",General Inquiry,Medium,true,false
"good morning, this has taken out our live environment and we have an active incident open on our side, so this absolutely cannot wait. we downgraded from pro to enterprise but were still billed the old rate. appreciate the help.",Billing,Critical,true,false
"Dear support team, Uploading a file over 25 mb fails silently with no error shown Moderately important from where we sit",Bug Report,Medium,true,false
"Hi there, We We would love to see scheduled reports integrated with shopify. Cheers.",Feature Request,Medium,false,false
"Dear support team, It affects a large part of our daily workflow, our project timeline has already slipped once and hoping for a quick turnaround if at all possible. Our webhooks stopped being delivered for the last 48 hours. Let me know if you need screenshots.",Technical Issue,High,true,false
We see 500 errors in our logs for roughly 12 requests per minute. This started for about three days. Let me know.,Technical Issue,Medium,false,false
"Hello support, My account is locked after a few failed attempts and will not unlock. This affects every customer we have and we need need a call as soon as humanly possible.",Login/Access,Critical,true,false
Hi there We downgraded from growth to starter but were still billed the old rate. Let me know if you need screenshots.,Billing,Medium,false,true
"Morning, Bulk imports of 40 records stall halfway through with no error. Only i have noticed it so far, nothing depends on this at all which means no response needed really. Any help appreciated.",Technical Issue,Low,true,false
"Morning, It would be really useful to have two-way calendar sync in the reports page It is purely cosmetic, so nothing depends on this at all, no response needed really Cheers",Feature Request,Low,true,false
"hi team, every request to to /v1/subscriptions has returned timeout_exceeded for the ast 48 hours. let me know.",Technical Issue,Critical,false,false
"Hi support, The /v1/users endpoint returns 503 intermittently. It is spreading to more of the team as we onboard, our team lead has asked me to chase this. Thanks in advance.",Technical Issue,High,true,false
"Dear support team, Every request to /v2/events has returned 500 since this morning. Our whole workflow has stopped dead and our launch today is at risk which means please treat this as a severity one incident. This started ever since the weekend. Appreciate the help.",Technical Issue,Critical,true,false
"morning, every request to /v1/exports has returned 500 since this morning any help appreciated",Technical Issue,Critical,false,false
"Dear support team, Can you explain the proration line item of $4,812.00 on our last invoice. A whole department is working around this. Thanks for your time.",Billing,High,true,false
"Hello, Does your api have a rate limit i should design around It shows up every now and then sometime in the next few weeks would be fine Reproduced by 40 different people here Any help appreciated",General Inquiry,Medium,true,false
hi team can you send a statement of all charges since 2026-08-30.,Billing,Medium,false,false
"hello, connections to your service drop after about 45 seconds. whenever you happen to get to it is fine. happy to provide more detail if useful.",Technical Issue,Low,true,false
Hi support The account recovery flow keeps asking for a code it never sends. Only a handful of us run into it which means would be good to have this fixed eventually. Let me know.,Login/Access,Medium,true,false
"hello, toggling a setting off in the analytics view turns it back on after a reload. it shows up every now and then - we lose a few minutes here and there and sometime in the next few weeks would be fine. let me know.",Bug Report,Medium,true,false
"hi there, only i have noticed it so far, it changes nothing about how we use the product, please put it at the very bottom of the queue. the total on the integrations page shows a different number than the export. let me know.",Bug Report,Low,true,false
"hello, a regression since the last release broke the filter on the analytics view.",Bug Report,Medium,false,false
Every single user is affected - please treat this as a severity one incident. The ssl certificate on your api host looks like it is misconfigured. Our workspace has about 25 users!!!!,Technical Issue,Critical,true,false
We are being billed for 60 seats but only have 200 active users. This is more disruptive than it probably sounds. Let me know.,Billing,High,true,false
I would like to update the billing address on our account Only i have noticed it so far Any help appreciated,Billing,Low,true,false
"hi team, throughput dropped by half since the last release with no change on our side. logged from our scale workspace.",Technical Issue,High,false,false
Requests from our android 15 build fail with 503 but curl works fine.,Technical Issue,High,false,false
"Why did our bill jump from $4,812.00 to €1,450.00 with no plan change. I checked teh documentation first and could not find anything.",Billing,High,false,false
"morning, please move our billing cycle from monthly to annual on the business plan. it is purely cosmetic, so genuinely not a priority for us.",Billing,Low,true,false
it does not really affect anything we do. our finance team needs invoices sent to a different email address. screenshots attached.,Billing,Low,true,false
"Dear support team, I was invited as a manager but the invitation link says it is invalid. Most of our workspace owner accounts are running into it. Happy to provide more detail if useful!!!!",Login/Access,High,true,false
Please move our billing cycle from monthly to annual on the starter plan. Cheers!!!!,Billing,Low,false,false
How do i read the numbers shown on the team management screen. Tried again ten minutes later with the same result. Please advise.,General Inquiry,Low,false,false
"Can you explain the proration line item of $18,300 on our last invoice. A whole department is working around this - please prioritise this above the rest of our queue. Thanks!",Billing,High,true,false
"Good morning, Without dark mode we cannot complete the migration we have committed to. I am on Chrome incognito running Windows 11. Appreciate the help.",Feature Request,Medium,false,false
"Hi there, The bulk action applied itself to every record rather than the selected ones. Please advise.",Bug Report,High,false,false
"Hey, We were charged $18,300 twice this month on invoice inv-20415. We are in breach of our sla as of this morning. Our developer confirmed the same behaviour on Windows 11.",Billing,High,true,true
"Hi folks, A good portion of our users hit this daily and it is costing us hours every day which means we would really appreciate a fix within a day or two It would be nice if the api console remembered my last filter Let me know",Feature Request,High,true,false
The credit note you issued for inv-20415 never appeared on our statement. Cheers.,Billing,High,false,false
I need a copy of the receipt for ord-44812 for our finance team Nothing is actually blocked because of it Ticket raised on behalf of our read-only user,Billing,Medium,true,false
"hi folks, this keeps coming up and we are tired of it. the websocket connection to the integrations page keeps dropping and reconnecting. please advise.",Technical Issue,High,true,false
"hi there, the tax rate applied to invoice inv-99213 looks wrong for our region. only i have noticed it so far and purely for your awareness. let me know.",Billing,Low,true,false
"Hi folks, Bulk selecting rows and applying an action only affects the first one. Only a handful of us run into it. Let me know.",Bug Report,Medium,true,false
How do i read the numbers shown on the analytics view We are ON the Business plan,General Inquiry,Low,false,false
"Hello, A webhook for this event would let us build scheduled reports ourselves. Our launch today is at risk - we need someonee on this immediately. Let me know if you need screenshots.",Feature Request,Critical,true,false
"Good Good morning, How do i read the numbers shown on the permissions matrix. It does not really affect anythimg we do?!",General Inquiry,Low,true,false
"Hi there, A good portion of our users hit this daily and we have had to build a manual workaround to cope and flagging this as important on our side. Our account was suspended for non payment even though the invoice is paid. I have already tried clearing the cache and reinstalling.",Billing,High,true,false
I can log in on desktop but the mobile app rejects the same credentials. Appreciate the help!!,Login/Access,High,false,false
"dear support team, our production environment is completely down. please treat this as a severity one incident. our webhooks stopped being delivered for about three days.",Bug Report,Critical,true,true
Editing a bililng contact and saving silenly reverst the change. All 40 of our users are down which which means we need somenoe on this immediately.,Bug Report,Critical,true,false
"Hi folks, A small suggestion, jira integration would save our team a lot of clicks. Get back to me when you can.",Feature Request,High,false,false
the invoice for 2026-07-29 has the wrong vat number on it. cheers.,Billing,Medium,false,false
"Hello support, We are hitting a rate limit of 25 requests and cannot complete a sync Just putting it on your radar I have already tried clearing the cache and reinstalling Happy to to provide more detail if useful",Technical Issue,Medium,true,false
good morning submitting the form deletes the existing record instead of updating it. about 1800 people have reported it internally so we need this sorted before the end of the week. let me know.,Bug Report,High,true,false
"Morning, Could you expose role-based permissions through the /v2/events endpoint. It is spreading to more of the team as we onboard and our project timeline has already slipped once. hoping for a quick turnaround if at all possible. Cheers.",Feature Request,High,true,false
"hi support, our 200 new hires cannot accept their workspace invitations. happy to provide more detail if useful.",Login/Access,Medium,false,false
"Hey, We downgraded from pro to growth but were still billed the old rate.",Billing,Low,false,false
"godo morning, hte saml assertion is rejected with an audience mismatch only i have noticed it so far, no response needed really",Login/Access,Low,true,false
"Hi folks, Could you confirm the recommended timeout setting for /v1/users. Appreciate the help.",Technical Issue,Low,false,false
"Hi team, We have a manual fallback that works Api latency went from milliseconds to several seconds all week This started since the last release",Technical Issue,Medium,true,false
"Hi there, Percentages on the summary cad do not add up to 100.",Bug Report,Medium,false,false
Percentages ON the summary card do not add up to 100. Nobody else has even mentioned it. Appreciate the help.,Bug Report,Medium,true,true
Are there best practices for organising the project timeline at scale.,General Inquiry,Low,false,false
"Hello support, Archived records still show up in the api console by default Let me know if you need screenshots",Bug Report,Medium,false,false
"Hi there, I was invited as a admin but the invitation lin says it is invalid. I have already tried clearing the cache and reinstalling. Thanks in advance.",Login/Access,Low,false,false
The record count says 3 but only 12 rows actually render. Our workspace has about 7 users.,Bug Report,Critical,false,false
Genuinely not a priority for us. How do i read tthe numbers shown on the api console. Screenshots attached. Please advise.,General Inquiry,Low,true,false
"Good morning, Enforcing mfa locked out every user who had not enrolled yet. All of our servicee depending on this are failing. Let me know if you need screenshots.",Login/Access,Critical,true,false
"Morning, Could the reports page support webhook retries at some point. We would like an update today if you can manage it. Let me know.",Feature Request,High,true,false
"dear support team, can we switch the starter subscription to invoice-based payment terms.",Billing,Low,false,false
"Hi support, The export contains another customer's rows mixed into ours. Logged from our Pro workspace. Looking forward to your reply!!!!",Bug Report,High,false,true
"Hey, The undo bufton restores the wrong version of the record. This has zero impact on our work which means purely for your awareness.",Bug Report,Low,true,false
"Hi folks, The date filter returns results outside the range i selected. Only a handful of us rjn into it - happy to wait for the next release. Please advise.",Bug Report,Medium,true,false
"Hkw do i invite a workspace owner to our workspace. Only i have noticed it so far. Reproduced by 1,800 different people here.",General Inquiry,Low,true,false
percentages on the summary card do not add up to 100. this is more disruptive thsn it proabbly sounds. screenshots attached. let me know.,Bug Report,Medium,true,false
My card was declined but the subscription still shows as active It does not really affect anything we do Thanks in advance,Billing,Low,true,false
The account RECOVERY flow keeps asking for a code it never sends We have had to build a manual workaround to cope our team lead has asked me to chase this,Login/Access,High,true,false
"Hi support, Pagination skips the first iyem on page two. About 12 people have reported it internally. it is eating into time we do not have, we would like an update today if you can manage it.",Bug Report,High,true,false
"hi team, our webhooks stoppwd being delivered for about three days. a good portion of our users hit this daily which means it is costing us hours every day.",Technical Issue,High,true,false
what is the difference between the enterprise and starter plans,General Inquiry,Low,false,false
Toggling a setting off in the dashboard turns it back on after a reload. Thanks in advance.,Bug Report,Medium,false,false
Dear support team Api latency went from milliseconds to several seconds since yesterday. We are falling behind on a deadline because of it which means we would like an update today if you can manage it. This started for about three days. Thanks for your time.,Technical Issue,High,true,false
"Hello, What is the recommended way to structure teams for 60 users. Most of our admin accounts are running into it which means it is getting noticeably worse week on week, our team lead has asked me to chase this.",General Inquiry,High,true,false
"Hi folks, Every request to /v2/orders has returned err_connection_reset since this morning We have had to pause operations entirely, so please treat this as a severity one incident Appreciate the help",Technical Issue,Critical,true,false
"Dear support team, Is pdf export something that exists today or am i missing it. Logged from our Free workspace. Get back to me when you can.",General Inquiry,Low,false,false
whenever you happen to get to it is fine. is there a plan to bring an offline mode to the business tier. thanks in advance.,Feature Request,Low,true,false
How long does it usually take for support to respond. Everything else works perfectly well!!,General Inquiry,Low,true,false
"Hey, How do i invite a manager to our workspace I have already tried clearing the cache and reinstalling Let me know",General Inquiry,Medium,false,false
"Good morning, I would like to update the billing address on our account. It is a single screen and nothing else. Our workspace has about 25 users. Any help appreciated.",General Inquiry,Low,true,true
"Hello, It is purely cosmetic. just noting it for the record. The magic link expires before i can click it. Let me know if you need screenshots.",Login/Access,Low,true,false
"Morning, hWo should i talk to about a renewal conversation. Reproduced by 200 different people here.",General Inquiry,Medium,false,false
"Hello support, Any chhance you could support role-based permissions for enterprise customers. It ddoes not really affect anything we do, so it changes nothing about how we use the product, so purely for your awareness.",Feature Request,Low,true,false
"All 1,800 of our users are down - our executives are asking for updates every few minutes which means please escalate this right now. The two factor code from my authenticator is rejected every time. Let me know if you need screenshots.",Login/Access,Critical,true,false
"Hi team, Submitting the form deletes the existing record instead of updating it. We lose a few minutes here and there and just putting it on your radar. It happens on Firefox 133 as well. Any help appreciated.",Bug Report,Medium,true,false
"Hello, The export contains another customer's rows mixed into ours. Let me know.",Bug Report,High,false,false
Hello THE export contains another customer's rows mixed into ours. This is costnig us money every hour it continues. Please advise.,Bug Report,Critical,true,false
the refund for ord-88190 was approved all week but has not landed it changes nothing about how we use the product genuinwly not a priority for us treid aagin two hours later with the same result thanks for your time,Billing,Low,true,false
"Hi team, I was invited as a manager but the invitation link says it is invalid.",Login/Access,Critical,false,true
"dear support team, my card was declined but the subscription still shows as active. flagging this as important on our side!!",Billing,High,true,false
"Hi team, Clicking save on the settings page wipes the form and loses my input. It is getting noticeably worse week on week which means we would really appreciate a fix within a day or two. Logged from our Free workspace.",Bug Report,High,true,false
"dear support team, our team subscription was cancelled by mistake and service has stopped. we are falling behind on a deadline because of it. i have already tried clearing the cache and reinstalling. thanks for your time.",Billing,High,true,false
"Morning, I lost my phone and cannot get past the mfa prompt. Appreciate the help.",Login/Access,Low,false,false
"Hello support, Is there a sandbox i can test against before going live. Let me know if you need screenshots?!",General Inquiry,Low,false,false
"hi team, we see econnrefused errors in our logs for roughly 40 requests per minute. would be good to have this fixed eventually.",Technical Issue,Medium,true,false
"Nobody else has even mentioned it and we are not blocked in any way, genuinely not a priority us. We would like to review which accounts still have admin rights. Thanks!",Login/Access,Low,true,false
"Hi folks, The loading spinner keeps spinning briefly after content has rendered. This started for the LAST 48 hours.",Bug Report,Low,false,false
"Hello, Our project timeline has already slipped once and we need this sorted before the end of the week. The zapier sync has been failing with 404.",Technical Issue,High,true,false
"Morning, Could the onboarding flow support custom dashboards at some point. A good portion of our users hit this daily!!!",Feature Request,High,true,false
"Hello, It would be really useful to HAVE pdf export in the api console. Everything else works perfectly well.",Feature Request,Low,true,false
"good morning, a small suggestion, granular notification settings would save our team a lot of clicks. it affects one part of our workflow - it slows us down a little. thanks!",Feature Request,Medium,true,false
"hello, dns resolution for your api endpoint fails from our region. happy to provide more detail if useful.",Technical Issue,Medium,false,false
"Hi there, The search bar ignores hyphens so no results come back for hyphenated names. Appreciate the help.",Technical Issue,Medium,false,true
"Dear support team, The magic link expires before i can click",Login/Access,Low,false,false
"dear support team, we were billed £320 for seats we cancelled and the card has already been debited. reproduced by 7 different people here.",Billing,High,false,false
"Morning, What happens to our data if cancel the starter plan. Looking forward to your reply.",General Inquiry,High,false,false
The modal on the billing portal cannot be closed once it opens in chrome incognito. We have had to build a manual workaround to cope and we need this sorted before the end of the week. I am on Chrome 131 running macOS 15.2. Thanks for your time.,Bug Report,High,true,false
"Hello support, Please move our billing cycle from monthly to annual on teh taem plan. It is a single screen and nothing else, so genuinely not a priority for us. Cheers!!",Billing,Low,true,false
"Hi folks, The ssl certificate on your api host looks like it is misconfigured. A couple of people have noticed it - it slows us down a little and would be good to have this fixed eventually. I am on Chrome 131 running Debian 12. Happy to provide more detail if useful.",Technical Issue,Medium,true,false
"Dear support team, Responses from /v2/search have been returning truncated payloads. It shows up every now and then which means happy to wait for the next release. Thanks for your time.",Technical Issue,Medium,true,false
we would like an update today if you can manage it. percentages on the summary card do not add up to 100. let me know if you need screenshots.,Bug Report,High,true,false
Bulk selecting rows and applying an action only affects the first one. Nothing is actually blocked because of it. sometime in the next few weeks would be fine.,Bug Report,Medium,true,false
"Hi there, Responses from /api/auth/token have been returning truncated payloads",Technical Issue,Low,false,false
Our release this week is at risk. I want to cancel the subscription and get A refund of $18300. Thanks for your time.,Billing,Critical,true,true
Our card on file keeps failing even though the bank confirms it is fine. Let me know.,Billing,High,false,false
"Our team keeps asking for a native mobile app, is it planned Not critical but certainly not trivial either",Feature Request,High,true,false
"Good morning, Our executives are asking for updates every few minutes and please treat this as as a severity one incident. Editing a read-only user and saving silently reverts the change!!!!",Bug Report,Critical,true,false
"morning, the console hrows a null reference error when i open the admin console we are on on the pro plan thanks in advance",Bug Report,Medium,false,false
"Hello, We removed a user and now nobody nobody can access the admin console. All 25 of our users are down, so we are in breach of our sla as of this morning - we need an emergency fix today. Screenshots attached.",Login/Access,Critical,true,false
"our 1,800 new hires cannot accept their workspace invitations. all of our services depending on this are failing.",Login/Access,Critical,true,false
hi team how long does it usually take for support to respond. just putting it on your radar. thanks for your time.,General Inquiry,Medium,true,false
The ssl certificate on your api host looks like it is misconfigured. This is costing us money every hour it continues. Cheers!!,Technical Issue,Critical,true,false
"Hello, Access to the mobile app disappeared after our plan changed to scale. Appreciate the help.",Login/Access,High,false,false
"Duplicate entries appear every time i i refresh the project timeline. It shows up every now and then, we can work around it for now. worth looking at when you get a chance. I checked the documentation first and could not find anything. Any help appreciated.",Bug Report,Medium,true,false
"Hey, Please move our billing cycle from monthly to annual on the enterprise plan. Please advise.",Billing,Low,false,false
THE ssl certificate on your api host looks like it is misconfigured. It matters to us but we are not on fire. Let me know!!,Technical Issue,Medium,true,false
"Hi there, Could you confrim the recommended timeout setting for /v2/search. It purely cosmetic and this has zero impact on our work which meeans whenever you happen to get to it is fine. Screenshots attached. Cheers.",Technical Issue,Low,true,false
The csv exxport is missing the last column on every row. Nothing is actually blocked because of it.,Bug Report,Medium,true,false
"obody on the team can work at all, so we havw an active incident open on our sid - this is urgent in the storngest sense of the word. the record count says 3 but only 500 rows actually render. thanks!!!!!",Bug Report,Critical,true,false
"Morning, snowflake sync has been failing with 403. It is costing us hours every day. Ticket raised on behalf OF our guest collaborator.",Technical Issue,High,true,false
The /v1/subscriptions endpoint returns 504 intermittently. Would be good to have this fixed eventually. Our workspace has about 40 users. Thanks!?!,Technical Issue,Medium,true,false
"Hello, Bulk selecting rows and applying an action action only affects the first one. This started ever since the weekend. Let me know.",Bug Report,High,false,false
"Morning, Responses from /v1/users have been returning truncated payloads. Please put it at the very bottom of the queue.",Technical Issue,Low,true,false
"the modal on the export tool cannot be closed once it opens in chrome incognito. it shows up every now and then. it is more of an irritation than a problem, so sometime in the next few weeks would be fine. cheers!!",Technical Issue,Medium,true,true
"Dear support team, Any chance you could support multi-currency support for starter customers Please prioritise this above the rest of our queue",Feature Request,High,true,false
uploading a file over 40 mb fails silently with no error shown?!,Bug Report,Critical,false,false
"good morning, my card was declined but tthe subscription still shows as active. not critical but certainly not trivial either. get back to me when you can.",Billing,High,true,false
"Hey, Somewhere in the middle of your queue would be fair. Bulk imports of 25 records stall halfway through with no error. Let me know if you need screenshots.",Technical Issue,High,true,false
"hey, the total on the invoice list shows a different number than the export thanks!",Bug Report,Medium,false,false
Our auditor is asking where our data is stored and we have to answer today Thanks!,General Inquiry,Critical,false,false
"Good morning, Several people on the team are affected. I get a blank white screen the SETTINGS page in edge 131. Cheers.",Bug Report,High,true,false
"Hi folks, Why did our bill jump from $4,812.00 to $240 with no plan change.",Billing,Critical,false,true
"Hi support, Our card on file keeps failing even though the bank confirms it is fine. It is purely cosmetic, it changes nothing about how we use the product and genuinely not a priority for us. Our developer confirmed the same behaviour on Debian 12. Thanks for your time.",Billing,Low,true,false
we would love to see dark mdoe integrated with netsuite. it affects one part of our workflow and it is more of an irriration than a problem. we are on the growth plan. appreciate the help.,General Inquiry,Medium,true,true
The audit log is unreachable from our office network but fine on mobile data. It affects a large part of our daily workflow and our team lead has asked me to chase this. Thanks in advance.,Technical Issue,High,true,false
"Good morning, Dns resolution for your api endpoint fails from our region Appreciate the help",Technical Issue,High,false,false
"Hi support, It does not really affect anything we do, so no response needed really. The csv export is missing the last column on every row. Let me know if you need screenshots.",Bug Report,Low,true,false
Throughput dropped by half ever since the weekend with no change on our side. Thanks!,Technical Issue,High,false,false
"hey, a good portion of our users hit this daily and we would really appreciate a fix within a day or two. data entered yesterday has disappeared from the settings page entirely. we are on the growth plan. let me know if you need screenshots!!!!",Bug Report,High,true,false
"hey, the credit note you issued for tkt-10233 never appeared on our statement. ticket rasied on behalf of our read-only user. any help appreciated.",Billing,Low,false,false
The websocket connection to the user directory keeps dropping and reconnecting. We can work around it for now which means worth looking at when you get a chance. Happy to provide more detail if useful.,Technical Issue,Medium,true,false
"hey, memory usage in our worker spikes whenever we call /v2/search it does not really affect anything we do i have already tried clearing the cache and reinstalling",Technical Issue,Low,true,false
"Hi support, We would love to see sso with okta integrated with netsuite. Nothing is actually blocked because of it. Please advise.",Feature Request,Medium,true,false
"Dear support team, What is the recommended way to structure teams for 60 users. Just noting it for the record. Let me know.",Feature Request,Low,true,true
"Hello support, The bulk action applied itself to every record rather than the selected ones. Worth looking at when you get a chance.",Bug Report,Medium,true,false
We would like an api endpoint that mirrors custom dashboards. Ticket raised on behalf of our guest collaborator?!,Feature Request,Medium,false,false
The chart renders an empty axis when a series has zero values. Only a handful of us run into it. it slows us down a little. Thanks!,Bug Report,Medium,true,false
"hi there, sso through stripe redirects back to the login page in a loop. it comes up maybe once a day.",Login/Access,Medium,true,false
data entered yesterday has disappeared from the dashboard entirely.,Bug Report,Medium,false,false
"Hi there, We are being billed for 12 seats but only have 1,800 active users. We are in breach of our sla as of this morning and there is no workaround available to us at all. Ticket raised on behalf of our billing contact.",Billing,Critical,true,false
"Dear support team, A tooltip on the export tool has a typo in it. Nobody else has even mentioned it which means nothing depends on this at all, please put it at verry bottom of the queue.",Bug Report,Low,true,false
"The webhook manager is unreachable from our office network but fine on mobile data. Most of our admin accounts are running into it, we would really appreciate a fix within a day or two. Any help appreciated.",Technical Issue,High,true,false
"Hi support, Could the onboarding flow support pdf EXPORT at some point.",Feature Request,Low,false,false
morning what is the recommended way to structure teams for 200 users. a couple of people havee noticed it and nothing is actually blocked because of it and would be good to have this ixed eventually.,General Inquiry,Medium,true,false
"Hi support, Could the analytics view support two-way calendar sync at some point. Nobody else has even mentioned it and absolutely no rush on this. Let me know if you need screenshots.",Feature Request,Low,true,false
eDar support team Can we switch the starter subscription to invoice-based payment terms. It maters to us but we are not on fire.,Billing,Medium,true,false
several people on the team are affected and our project timeline has already slipped once enforcing mfa locked out every user who had not enrolled yet thanks in advance,Login/Access,High,true,false
"Morning, Our 12 new hires cannot accept their workspace invitations. All of our services depending on this are failing which means our own customers are already complaining. Any help appreciated.",Login/Access,Critical,true,false
dear support team i was double charged when i retried a failed payment of €1450.00. we have a manual fallback thatt works so worth looking at when you get a chance. tried again 20 minutes later with the same result. happy to provide more detail if useful.,Billing,Medium,true,false
"Dear support team, We were charged £320 twice this month on invoice inv-20415. Our project timeline has already slipped once, we would like an update today if you can manage it. This started since Tuesday. Happy to provide more detail if useful.",Billing,High,true,false
We downgraded from growth to pro but were still billed the old rate. Just noting it for the record.,Billing,Low,true,false
"Good morning, The ssl certificate on your api host looks like it is misconfigured. All 500 of our users are down and our executives are asking for updates every few minutes. We are on the Scale plan. Thanks in advance.",Bug Report,Critical,true,true
"Good morning, A small suggestion, slack notifications would save our team a lot of clicks. Reference TKT-10233 if that helps!!!!",Feature Request,Low,false,false
"Dear support team, The loading spinner keeps spinning brielfy after content has rendered.",Bug Report,Low,false,false
"hi there, i can log in on desktop but the mobile app rejects the same credentials. logged from our enterprise workspace. happy to provide more detail if useful.",Login/Access,Critical,false,false
"Hi there, The dashboard takes over a few hours to load for everyone on our team. A whole department is working around this and our team lead has asked me to chase this. This started since Tuesday.",Technical Issue,High,true,false
"Morning, We would love to see scheduled reports integrated with shopify It comes up maybe once a day and we have a manual fallback that works and worth looking at when you get a chance Get back to me when you can",Feature Request,Medium,true,false
"Hi team, Can you explain the proration line item of $4,812.00 on our last invoice Nobody on the team can work at all, we need someone on this immediately Any help appreciated",Billing,Critical,true,false
sso through netsuite redirects back to the login page in a loop. it happens on edge 131 as well. cheers.,Login/Access,High,false,false
"Good morning, The credit note you issued for inv-20415 never appeared on our statement. Our developer confirmed the same behaviour on Ubuntu 24.04.",Billing,Low,false,false
"Hello, Why did our bill jump from £320 to $18,300 with no plan change. It is a single screen and nothing else, so gnuinely not a priority for us. Any help appreciated.",Billing,Low,true,false
Dear support team My session expires after a couple of minutes and logs me out. Let me know if you need screenshots.,Login/Access,High,false,false
"Hey, The login page rejects my correct password in edge 131 but works elsewhere. Only a handful of us run into it which means we can work around it for now. Our developer confirmed the same behaviour on Android 15. Let me know.",Login/Access,Medium,true,false
"Hey, It would be nice if the audit log remembered my last filter. Nobody else has even mentioned it and everything else works perfectly well and absolutely no rush on this. Any help appreciated.",Feature Request,Low,true,false
"Hi support, A dark colour scheme for the permissions matrix would be easier on the eyes. Only a handful of us run into it. Thanks!",Feature Request,Medium,true,false
"Hello support, Which regions do you host data in.",General Inquiry,High,false,false
"Hello, THE hubspot sync has been failing with 503. This started for the last 48 hours.",Technical Issue,High,false,false
"hi folks, bulk selecting rows and applying an action only affects the first one. just putting it on your radar. happy to provide more detail if useful!!!!",Technical Issue,Medium,true,true
Hi support The console throws a null reference error when i open the export tool. It is more of an irritation than a problem no particular deadline from our side. Let me know.,Bug Report,Medium,true,false
"dear support team, our purchase order number is missing from every invoice you send. only a handful of us run into it. looking forward to your reply.",General Inquiry,Medium,true,true
"Hi team, What is the difference between the free and starter plans. Nothing is actually blocked because of it - just putting it on your radar.",General Inquiry,Medium,true,false
It affects one part of our workflow and worth looking at when you get a chance. We are being billed for 3 seats but only have 500 active users. Thanks for your time.,Billing,Medium,true,false
"A small suggestion, jira integration would save our team a lot of clicks. Nobody else has even mentioned it which means this has zero impact on our work, purely for your awareness!!!",Feature Request,Low,true,false
Dear support team The reports page takes over three dayys to load for everyone on our team. This has zero impact on our work and genuinely not a priority for us. Looking forward to your reply.,Technical Issue,Low,true,false
It is more of an irritation than a problem - would be good to have this fixed eventually. The retry logic gets stuck in a loop because /api/auth/token returns 504. Thanks!?!,Technical Issue,Medium,true,false
"Hello, I was double charged when i retried a failed payment of $129.00. Screenshots attached. Thanks!",Billing,Critical,false,false
"Good morning, Role permissions reset to read-only for our whole team overnight. Our whole workflow has stopped dead which means our launch today is at risk and we need an emergency fix today.",Login/Access,Critical,true,false
"Hi support, Please consider adding saved filters to the roadmap.",Feature Request,Medium,false,false
"Hey, My session expires after a couplee of minutes and loggs me out Purely for your awareness",Login/Access,Low,true,false
"How long does it usually take for support to respond. A couple of people have noticed it. it slows us down a little, sometime in the next few weeks would be fine. Happy to provide more detail if useful.",General Inquiry,Medium,true,false
"Hi support, Enforcing mfa locked out every user who had not enrolled yet. Appreciate the help.",Login/Access,Critical,false,false
Is there a sandbox i can test against before going live. We are falling behind on a deadline because of it - our team lead has asked me to chase this.,General Inquiry,High,true,false
The magic link EXPIRES before i can click it.,Login/Access,High,false,false
The chart renders an empty axis when a series has zero values. Appreciate the help.,Bug Report,Low,false,false
The total on the earch bar showx a different number than hte export. Please advise!!,Bug Report,Low,false,false
"Hello support, The console throws a null reference error when i open the project timeline. Please treat this as a severity one incident. Thanks in advance.",Bug Report,Critical,true,false
Our purchase order number is missing from every invoice you send Let me know,Billing,Medium,false,false
"Hi there, A webhook for this event would let us build dark mode ourselves. Any help appreciated.",Feature Request,High,false,false
"Dear support team, A skall suggestion, custom dashboards would save our team a of clicks. Screenshots attached. Please advise.",Feature Request,Low,false,false
"hi there, the retry logic gets stuck in a loop because /v2/events returns timeout_exceeded. only a handful of us run into it which means we can work around it for now. screenshots attached. let me know.",Technical Issue,Medium,true,false
"Hey, Your status page says everything is fine but we see err_connection_reset on /v2/search. It slows us down a little. It happens on Edge 131 as well. Let me know if you need screenshots.",Technical Issue,Medium,true,false
"Hey, Can you explain the proration line item of £320 on our last invoice. A good portion of our users hit this daily, so we would really appreciate a fix within a day or two. Thanks for your time.",Billing,High,true,false
"Hi there, Our 60 new hires cannot accept their workspace invitations. Our production environment is completely down, there is no workaround available to us at all. Get back to me when you can.",Login/Access,Critical,true,false
"I cannot log in, the password reset email never arrives. It happens on Safari on iOS 18 as well. Cheers.",Login/Access,High,false,false
"Hi there, What is the difference between the free growth plans.",General Inquiry,Low,false,false
Good morning The api console takes over a few hours to load for everyone on our team. It shows up every now and then. Please advise.,Technical Issue,Medium,true,false
Good morning Moderately important from where we sit. Your status page says everything is fine but we see 502 on /v2/reports/generate. Appreciate the help.,Technical Issue,Medium,true,false
"Morning, How do i read the numbers shown on the analytics view. Appreciate the help.",General Inquiry,Low,false,false
absolutely no rush on this. the nightly export joh has been timing out for about three days. our developer confirmed the same behaviour on android 15. get abck to me when you can!!!,Technical Issue,Low,true,false
"Hi folks, Access to the integrations page disappeared after our plan changed to scale. We are on the Pro plan.",Login/Access,Critical,false,false
How do i read the numbers shown on the settings page. Let me know if you need screenshots.,General Inquiry,Low,false,false
"Hi folks, It shows up every now and then it slows us down a little and just putting it on your radar Role permissions reset to read-only for our whole team overnight Our developer confirmed the same behaviour on Android 15",Login/Access,Medium,true,false
"Hello, Submitting the form deletes the existing record instead of updating it. It is spreading to more of the team as we onboard, so hoping for a quick turnaround if at all possible. Any help appreciated.",Bug Report,High,true,false
"Dear support team, What is the difference betweeen the enterprise and starter plans. I checked the documetation first and could not find anything!!!",General Inquiry,Medium,false,false
"Hey, I need a copy of the receipt for ord-44812 for our finance team. It affects a large part of our daily workflow. it is wating into time we do not have. pogged from our Scale workspace. Thanks in advance.",Billing,High,true,false
"hi support, we dowgnraded from business to team but were still billde the the old rate. worth looking at when you get a chance!!!!",Billing,Medium,true,false
"good morning, the ssl certificate on on your api host looks like it is misconfigured. happy to provide more detail if useful.",Technical Issue,High,false,false
"Hi there, Nothing depends on this at all and purely for your awareness. We work aroynd the lack of scheduled reports with a spreadsheet today. Cheers.",Feature Request,Low,true,false
"Hey, We have een double charged on evvery invoice since 2026-09-01. All 3 of our users are down!!",Billing,Critical,true,false
"Good morning, It shows up every now and then and we have a manual fallback that works. Our card on file keeps failing even though the bank confirms it is fine. This started ever since the weekend. Happy to provide more detail if useful.",Billing,Medium,true,false
The invoice for 2026-07-29 has the wrong vat number on it. Sometime in the next few weeks would be fine. Please advise.,Billing,Medium,true,false
A regression since the last release broke the filter on the integrations page A couple of people have noticed it and we can work around it for now,Bug Report,Medium,true,false
I was double charged when i retried a failed payment of $49. It comes up maybe once a day and no particular deadline from our side.,Billing,Medium,true,false
"Hey, We are fielding angry calls because of this we need an emergency fix today Data entered yesterday has disappeared from the export tool entirely",Bug Report,Critical,true,false
"Hi team, The loading spinner keeps spinning briefly after content has rendered. Nobody else has even mentioned it which means nothing depends on this at LAL and just noting it for the record. I checked tthe documenttion first aand could not find anything.",Bug Report,Low,true,false
"Dear support team, This is more disruptive than it proably sounds Hwo long does it usually take for support to respond",General Inquiry,Medium,true,false
A dark colour scheme for the permissions matrix would be easier on the eyes Please advise,Feature Request,Low,false,false
"Hello, We are hitting a rate limit of 200 requests and cannot complete a sync. It comes up maybe once a day. sometime in the next few weeks would be fine.",Technical Issue,Medium,true,false
"Dear support team, Our card on file keeps failing even though the bank confirms it is fine. A couple of people have noticed it. Appreciate thhe help.",Billing,Medium,true,false
Is there a guide for setting up snowflake No response needed really Cheers,General Inquiry,Low,true,false
Morning The dashboard is unreachable from our office network but fine on mobile data. It happens on Brave as well. Looking forward to your reply.,Technical Issue,Critical,false,false
We have a security review today and need your compliance documentation now We are fielding angry calls because of this Thanks in advance,General Inquiry,Critical,true,false
"We see timeout_exceeded errors in kur logs for roughly 3 requests per minute. A good portion of our users hit this daily, our team lead has asked me to chase this. Let me know if you need screenshots.",Technical Issue,Critical,true,true
"Hi there, We see 504 errors in our logs for roughly 7 requests per minute. A whole department is working around this and our release this week is at risk. It happens on Chrome incognito as well. Please advise.",Technical Issue,High,true,false
"Hi team, Would yuo consider webhook rettries as a paid add-on We are not blocked in any way, so no response needed really",Feature Request,Low,true,false
"Hi support, It comes up maybe once a day and nothing is actually blocked because of it, so somegime in the next feew weekks would be fine Enforcing mfa locked out every user who had not enrolled yet",Login/Access,Medium,true,false
every request to /api/auth/token has returned 502 for about three days. we are fielding angry calls because of this. we need someone on this immediately. let me know if you need screenshots.,Technical Issue,Critical,true,false
"Hi folks, I need a copy of the receipt for ref-77120 for our finance team. A good porion of our users hit this daily which means please prioritise this abovee the rest of our queue. This started since yesterday.",Billing,Medium,true,true
"hello, the invoice for 2026-09-09 has the wrong vat number on it. not critical but certainly not trivial either. ticket raised on behalf of our workspace owner.",Billing,Medium,true,false
"Hi support, Please add a sandbox environment, every competitor we evaluated has it Any help appreciated",Feature Request,Critical,false,false
hello support is there a sandbox i ccan est against before going live. nobody else has even mentioned it which means everything else works perfectly well and wheneber you happen to get to it is fine. let me know.,Billing,Low,true,true
"hi there, nobody else has even mentioned it, so everything else works perfectly well which means please put it at the very btotom of the queue. could you add our company registration number to future invoices. i checked the documentation first and could not find anything.",Billing,Low,true,false
"hi folks, we need a call as soon as hhumanly possible. we have a security review today and need your compliance documentation now. it happens on firefox 133 as well. let me know.",General Inquiry,Critical,true,false
Toggling a setting off in the project timeline turns it back on after a reload. Happy to wait for the next release. I checked the documentation first and could not find anything.,Bug Report,Medium,true,false
"Hi there, The retry logic gets stuck in a loop because /v2/invoices returns 404. Any help appreciated.",Technical Issue,High,false,false
"Hi folks, Requests from our ios 18.1 build fail with econnrefused but curl works fine. Thanks!",Technical Issue,Medium,false,false
We have a manual fallback that works which means no particular deadline from our side. Our scale subscription was CANCELLED by mistake and service has stopped.,Billing,High,true,true
The netsuite sync has been failing with 503 Nobody on the team can work at all please treat this as a severity one incident Thanks for your time,Technical Issue,Critical,true,false
"Hey, It comes up maybe once a day which means worthh looking at when you get a chance. Bulk imports of 25 records stall halfway through with no error. Reproduced by 500 different people here. Thanks for your time.",Technical Issue,Medium,true,false
"The date filter returns results outside the range i selected. Reproduced by 1,800 different different people here.",Bug Report,High,false,false
We lose a few minutes here and there and no particular deadline frkm our side. Bulk selecting rows and applying an action only affects the first one. Thanks!,Bug Report,Medium,true,false
the loading spinner keeps spinning briefly after content has rendered. genuinely not a priority for us. happy to provide more detail if useful.,Bug Report,Low,true,false
The modal on the export tool cannot be closed once it opens in edge 131.,Bug Report,Medium,false,false
It is spreading to more of the team as we onboard. The record count says 60 but only 7 rows actually render!!!,Bug Report,High,true,false
"Dear support team, I would like to add a second guest collaborator to our account. Only a handful of us run into it, so it slows us down a little, happy to wait for the next release. Reproduced by 3 different people here. Happy to provide more detail if useful!!!",Login/Access,Medium,true,false
"Hi support, How long does it usually take for support to respond It matters to us but we are not on fire Our developer confirmed the same behaviour on Windows 11 Get back to me when you can",General Inquiry,Medium,true,false
"Hi there, Editing a admin and saving silently reverts the change. Several people on the team are affected.",Bug Report,High,true,false
"Hello, A whole department is working around this and please prioritise this above the rest of our queue. Could you add our company registration number to future invoices. me know if you need screenshots!!!",Billing,High,true,false
a regression since the last release broke the filter on the onboarding flow.,Bug Report,Medium,false,false
"Hi folks, A good portion of our users hit this daily which means it is eating into time we do not have, our team lead has asked me to chase this. The credit note you issued for ref-77120 never appeared on our statement. Appreciate the help.",Billing,High,true,false
"Hello, We need consolidated billing across our 500 workspaces. Let me know.",Billing,Medium,false,false
"Hello support, The account recovery flow keeeps asking for a code it never sends. Reference TKT-10233 if that helps. Looking forward to your reply.",Login/Access,Medium,false,false
"Hello support, Duplicate entries appear every time i refresh the billing portal.",Bug Report,Low,false,false
"good morning, the nightly export has been timing out for the last 48 hours.",Technical Issue,Critical,false,false
"Hi there, Flagging this as important on our side. The credit note you issued for tkt-10233 never appeared on our statement.",Billing,High,true,false
"Hi there, Only have noticed it so far, this has zero impact on our work. Can you point me at the onboarding checklist for new teams. Let me know if you need screenshots.",General Inquiry,Low,true,false
"Hey, Somewhere in the middle of your queue would be fair We downgraded from enterprise to free but were still billed the old rate Let me know",Billing,Medium,true,false
"Hi support, Throughput dropped by half for the last 48 hours with no change on our side It is affecting a few people here Cheers",Technical Issue,Medium,true,false
"Hi support, I would like to update the billing address on our account Thanks!",Billing,High,false,true
does the free plan include saved filters. please advise.,General Inquiry,Medium,false,false
Hi folks Dns resolution for your api endpoint fails from our region. Thanks in advance.,Technical Issue,Critical,false,false
"Hi team, Why did bill jump from $79 to $49 with no plan change. Our workspace has about 200 users. Appreciate the help.",Billing,Critical,false,false
"hi support, it is eating into time we do not have - hoping for a quick turnaround if at all possible. i want to cancel the subscription and get a refund of $18,300.",Billing,High,true,false
"Good morning, I lost my phone and cannot get past the mfa prompt.",Login/Access,Medium,false,false
"hey, is the settings page covered by your uptime commitment. we are falling behind on a deadline because of it and our team lead has asked me to chase this. it happens on chrome incognito as well. let me know if you need screenshots.",General Inquiry,High,true,false
"hello support, i cannot log in, the password reset email never arrives.",Login/Access,Medium,false,false
"Hi folks, A regression since the last release broke the filter on the onboarding flow. Everything else works perfectly well and whenever you happen to to it is fine. I have already tried clearing the cache and reinstalling. Let me know if you need screenshots.",Bug Report,Low,true,false
"hello support, our finance team needs invoices sent to a different email address reference inv-20415 if that helps thanks!",Billing,Medium,false,false
"Hello support, It would be nice if the dashboard remembered my my last filter It shows up every now and then which means we can work around it for now worth looking at when you get a chance Please advise",Feature Request,Medium,true,false
"Hi folks, Which regions do you host data in. Cheers.",General Inquiry,High,false,false
"Morning, It is more of an irritation than a problem. I was invited as a manager but the invitation link says it is invalid. Let me know.",Technical Issue,Medium,true,true
"Hi folks, We were billed $79 for seats we cancelled and the card has already been debited. About 25 people have reported it internally. I am on Brave running Windws 11. Appreciate the help.",Billing,High,true,false
the csv export is missing the last column on every row. thanks for your time!!,Bug Report,Medium,false,false
"Hi folks, It shows up everry npw and then and we lose a few minutes here and there My session expires after a couple of minutes and logs me out Any help appreciated",Login/Access,Medium,true,false
We would adopt this much faster if a native mobile app existed. It is getting noticeably worse week on week. Our workspace has about 500 users.,Feature Request,High,true,false
Requests from our ubuntu 24.04 build fail with 403 but curl workks fine. Thanks in advance.,Technical Issue,Medium,false,false
we can work around it for now and just putting it on your radar. the retry logic gets stuck in a loop because /v1/users returns 503. thanks for your time.,Technical Issue,Medium,true,false
"Hi team, Data entered yesterday has disappeared from the dashboard entirely. A good portion of our users hit this daily and we would really appreciate a fix within a day or two.",Bug Report,High,true,false
good morning we would adopt this much faster if an audit trail existed. not one person hrre can get anything done and we are in breach of ouur sla as of this morniny - please escalate this right now. get back to me whenn you can.,Feature Request,Critical,true,false
"hi support, we would like an api endpoint that mirrors slack notifications. cheers!!",Feature Request,Medium,false,false
"Dear support team, Editing a manager and saving silently reverts the change. It slows us down a little. Our developer confirmed the same behaviour on Android 15. Get back to me when you can.",Bug Report,Medium,true,false
The nightly export job has been timing out since the last release. Let me know.,Technical Issue,Critical,false,false
"Hello, Bulk imports of 60 records stall halfway through with no error Looking forward your reply",Technical Issue,Medium,false,false
We would love to see granular notification settings integrated with segment.,Feature Request,Low,false,false
I was invited as a billing contact but the invitation link says it is invalid.,Login/Access,Medium,false,true
"Hello, We are hitting rate limit of 3 requests and cannot complete a sync. Let me know.",Technical Issue,High,false,false
The total on the admin console shows a different number than the export. Somewhere in the middle of your queue would fair. Please advise.,Bug Report,Medium,true,false
"Hi folks, A small suggestion, pdf export would save our team a lot of clicks. Reproduced by 60 different different people here.",Feature Request,High,false,false
"Hi folks, Our purchase order number is missing from every invoice you send. Several PEOPLE on the team are affected. Let me know if you need screenshots!!!!",Billing,High,true,false
"hi folks, what are your data retention policies for exported reports. a good portion of our users hit this daily and we would really appreciate a fix within a day or two.",General Inquiry,High,true,false
"hello support, my account is locked after a few failed attempts and will not unlock. the entire company is blocked, so we need an emergency fix today. looking forward to your reply.",Login/Access,Critical,true,false
"Hi support, Absolutely no rush on this. Could the reports page support dark mode at some point. Tried again 45 seconds later with the same result.",Feature Request,Low,true,false
"Hi support, I get a 403 when opening the admin console even though i am a billing contact.",Login/Access,Low,false,false
"good morning, our 25 new hires cannot accept their workspace invitations. i checked the documentation first and could not find anything. thanks for your time.",Login/Access,Critical,false,false
"Dear support team, How do i rotate the api key on my account. Absolutely no rush on this. Let me know.",Login/Access,Low,true,false
"Morning, Is there a sandbox i can test against before going live. Logged from our Growth workspace. Thanks!",General Inquiry,Low,false,false
We are fielding angry calls because of this. Every request to /api/webhooks has returned 503 all week. Please advise.,Technical Issue,Critical,true,false
"Hello support, I want to switch my login email to a different address. Only a handful of us run into it, it is more of an irritation than a problem. Cheers.",Login/Access,Medium,true,false
"hey, we are not blocked in any way and genuinely a priority for us. oyur status page says everything is fine but we see err_connection_reset on /v1/users.",Technical Issue,Low,true,false
A webhook for this event would let us build two-way calendar sync ourselves. Looking forward to your reply.,Feature Request,Critical,false,false
"morning, our 3 new hires cannot accept their workspace invitations.",Login/Access,Critical,false,false
"hi folks, we work around the lack of two-way calendar sync with a spreadsheet today. it is more of an irritation than a problem. appreciate the help.",Feature Request,Medium,true,false
hello our vard on file keeps failing even though the bank confirms it is fine. it is spreading to more of the team as we onboard which means it is eating into time we do not have - we would like an update today if you can manage it. ticket aised on behalf of our billing contact.,Billing,High,true,false
"Hi team, The form accepts an incalid email address and saves it without complaint Let me know if you need screenshots",Bug Report,Medium,false,false
How long does it usually take for support to respond. Reproduced by 7 different people here. Thanks in advance.,General Inquiry,Low,false,false
"hey, our purchase ordder number is missing from every invoice you send. sometime in the next few weeks would be fine. looking forward to your reply.",Billing,Medium,true,false
"Dear support team, Submitting the form deletes the existing record instead of updating it. A whole department is working around this - our release this week is at risk, so please prioritise this above the rest of our queue. I am on Safari 18 running macOS 15.2. Cheers.",Bug Report,High,true,false
Can you send a statement of all charges since 2026-09-01. It is a single screen and nothing else and it changes nothing about how we use the product. Appreciate the help.,Billing,Low,true,false
"hello support, the column widths on teh intgrations page reset every time i navigate away. sometime in the next few weeks would be fine. get back to me when you can.",Bug Report,Medium,true,false
"Hi support, We are not blocked in any way. I was double charged when i retried a failed payment of $49. Happy to provide more detail if useful.",Billing,Low,true,false
Is custom dashboards something that exists today or am i missing it. Any help appreciated.,General Inquiry,Low,false,false
"hi folks, we are hitting a rate limit of 60 requests and cannot complete a sync. get back to me when you can.",Technical Issue,High,false,false
"Dear support team, It shows up every now and then, we have a manual fallback that works which means just putting it on your radar. The refund for tkt-10233 was approved since yesterday but has not landed. I checked the documentation first and could not find anything.",Billing,Medium,true,false
"Hi there, The record count says 200 but only 12 rows actually render. Most of our our manager accounts are running into it, so hoping for a quick turnaround if at all possible. Tried again 20 minutes later with the same result. Looking forward to your reply.",Bug Report,High,true,false
"Hi there, The netsuite integration disconnects itself every frw hours. Only a handful of us run into it, so it slows us down a a little which means no particular deadline from our side. I checked the documentation first and could not find anything.",Technical Issue,Medium,true,false
"Hello, We have had to pause operations entirely and there IS no workaround available to us at all. Enforcing mfa locked out every user who had not enrolled yet.",Login/Access,Critical,true,false
which regions do you host data in. it shows up every now and then and nothing is actually blocked becase of it.,General Inquiry,Medium,true,false
"Hi support, Nobody else uas even mentioned it which means no response needed really. The retry logic gets stuck in a loop because /api/webhooks returns 429.",Technical Issue,Low,true,false
"Hi folks, I can log in on desktop but the mobile app rejects the same credentials. Cheers.",Login/Access,High,false,false
"Dear support team, The total on the admin console shows a different number than the export Appreciate the help",Bug Report,Medium,false,false
"Hi support, Your status page says everything is fine but we see 500 on /v2/invoices. This affects every customer we have. we need an emergency fix today. Reference ORD-44812 if that helps. Any help appreciated.",Technical Issue,Critical,true,true
"Hey, It is getting noticeably worse week on week. Throughput dropped by half ever since the weekend with no change on our side. Please advise.",Technical Issue,High,true,false
"morning, sorting by name in the invoice list puts uppercase entries in a random order nothing depends on this at all thanks!",Bug Report,Low,true,false
"Hi team, Only i have noticed it so far and purely for your awareness How long does it usually TAKE for support to respond",General Inquiry,Low,true,false
I would like to update the billing address on our account. IT is a single screen and nothing else and nothing depends on this at all. Thanks in advance.,General Inquiry,Low,true,true
"Hi team, Can you explain the proration line item of £320 on our last invoice A couple of people have noticed it which means worth looking at when you get A chance",Billing,Medium,true,false
"Hi there, Enforcing mfa locked out every user who had not enrolled yet. This started sincce yesterday.",Login/Access,High,false,false
"Morning, The record count says 25 but only 7 ros actually render Ticket raised on behalf of our workspace owner Thanks!",Bug Report,Medium,false,false
"morning, bulk imports of 25 records stall halfway through with no error. we have a manual fallback that works.",Technical Issue,Medium,true,false
"Hi folks, The ssl certificate on your api host looks like it is misconfigured. Our developer connfirmed the same behaviour on macOS 15.2. Thanks for yoru time.",Technical Issue,High,false,true
"Dear support team, I lost my phone and cannot get past the mfa prompt. Thanks in advance.",Login/Access,High,false,false
Nobody else has even mentioned it - absolutely no rush on this. Can we switch the growth subscription to invoice-based payment terms. Reference ORD-44812 if that helps. Please advise.,Billing,Low,true,false
"Dear support team, We have had to build a manual workaround to cope andd uor team lead has asked me to chase this. We would love love to see scheduled reports integrated with quickbooks. Happy to provide more detail if useful.",Feature Request,High,true,false
"Can you explain the proration line item of $79 on our last invoice. IT is purely cosmetic, absolutely no rush on this. Happy to provide more detail if useful.",Billing,Low,true,false
"hello support, can you point me at the onboarding checklist for new teams. it is a single screen and nothing else and it chanegs nothing about how we use the product annd just noting it for the record. thanks!",General Inquiry,Low,true,false
"Morning, Having bulk csv export would remove the last manual step in our process. Happy to provide more detail if useful.",Feature Request,Medium,false,false
The snowflake integration disconnects itself every few hours. A couple of people have noticed it aand we have a manual fallback thag works and would be good to have this fixed eventually. Any help appreciated.,Technical Issue,Medium,true,false
No particular deadline from our side. Can we get a copy of your security questionnaire responses. Thanks!,General Inquiry,Medium,true,false
Hi folks The retry logic gets stuck in a loop because /v1/exports returns econnrefused. We have a manual fallback that works - worth looking at when you get a chance. We are on the Business plan.,Technical Issue,Medium,true,false
"Good morning, It affects one part of our workflow, so just putting it on your radar. Which regions do you host data in. Our workspace has about 7 users.",General Inquiry,Medium,true,false
"Good morning, Can we get a copy of your security questionnaire responses. We are not blocked in any way - genuinely not a priority for us. Happy to provide more detail if useful.",General Inquiry,Low,true,false
connections to your service drop after about about an hour. it is affecting a few people here. happy to provide more detail if useful.,Technical Issue,High,true,false
"How do i rotate the api key on my account It is a single screen and nothing else, absolutely no rush on this Thanks forr your time",Login/Access,Low,true,false
A regression since the last release broke the filter on the api console,Bug Report,High,false,false
I would like to add a second manager to our account. Let me know if you need screenshots.,Login/Access,Medium,false,false
"Hey, Could the dashboard support role-based permissions at some point. Let me know if you need screenshots.",Feature Request,Low,false,false
Hello Our webhooks stopped being delivered ever since the weekend. We need an emergency fix today. Thanks for your time.,Bug Report,Critical,true,true
"Dear support team, Not one person here can get anything done. Every requeest to /v2/search ahs returned 403 foe the last 48 hours. Let me know if you need screenshots.",Technical Issue,Critical,true,false
"Hey, I cannot log in, the password reset email never arrives. We are falling behind on a deadline because of it which means flagging this as important on our side. Thanks in advance.",Login/Access,High,true,false
"Hi team, How do i rotate the api key on my account. Cheers.",Login/Access,Low,false,false
"Dear support team, This is more disruptive than it probably sounds. Could the project timeline support role-based permissions at some point. Thanks for your time?!",Feature Request,High,true,false
"Hello support, What are your data retention policies for exported reports. It is purely cosmetic which means just noting it for the record. Thajks for oyur time.",General Inquiry,Low,true,false
"Dear support team, This has zero impact on our work - please put it at the very bottom of the queue. I want to switch my login email to a different address.",Login/Access,Low,true,false
"Morning, The two factor code from my authenticator is rejected every time Every single user is affected - our executives are asking for updates every few minutes, so please escalate this right now",Login/Access,Critical,true,false
"Hi support, Could you confirm the recommended timeout timeout setting FOR /v2/search Only a handful of us run into it Happy to provide more detail if useful",Technical Issue,Medium,true,false
"Hey, We are not blocked in any way, so whenever you happen to get to it is fine. Responses from /v2/orders have been returning truncated payloads. This started since yesterday. Thanks for your time.",Technical Issue,Low,true,false
"Good morning, The login page rejects my correct password in chrome incognito but works elsewhere. A good portion of our users hit this daily.",Login/Access,High,true,false
"Morning, Role permissions reset to read-only for our whole teaam teaam overnight. Get back to me when you can.",Login/Access,High,false,false
"Hi there, Only i have noticed it so far, this has zeto impact on our owrk and genuinely not a priority for us. Response times on /v1/subscriptions are slightly slower than documented. Thanks in advance.",Technical Issue,Low,true,false
"Good morning, Is there a guide for setting up netsuite. It changes nothing about how we use the product. Get back to me when you can.",General Inquiry,Low,true,false
We see err_connection_reset errors in our logs for roughly roughly 40 requests per minute Let me know,Technical Issue,Medium,false,false
Could you confirm the recommended timeout setting for /api/webhooks. Whenever you happen to get to it is fine. Thanks in advance.,Technical Issue,Low,true,false
"Hi team, How do i erad the numbers shown on the reports page Thanks for your time",General Inquiry,Low,false,false
"Hello, Uploading a file over 500 mb fails silently with no error shown. Our launch today is AT risk. Appreciate the help.",Bug Report,Critical,true,false
"Hello, Toggling a setting off in thhe api console turns it back on after a reload.",Bug Report,High,false,false
"HI support, Connectinos to your service drop after about a few hours. We are falling behind on a deadline because of it. we would like an update today if you can manage it. Let me know.",Technical Issue,High,true,false
all our services depending on this are failing. the bulk action applied itself to every record rather than the selected ones.,Bug Report,Critical,true,false
"Good morning, It changes nothing about how we use the product. no response needed really. The payment method on file expired and i cannot update it in the api console.",Billing,Low,true,false
"Hi folks, We would like an api endpoint that mirrors two-way calendar sync. Somewhere in the middle of your qjeue owuld be fair. Thanks in advance.",Feature Request,Medium,true,false
"hi there, the websocket connection to the mobile app keeps dropping and reconnecting. happy to wait for the next release. looking forward to your reply.",Technical Issue,Medium,true,false
"Hello, The dashboard is unreachable from our office network but fine on mobile data. It is earing into time we do not have. hoping ofr a quick turnaround if at all possible.",Technical Issue,High,true,false
"hi support, could you expose role-based permissions through the /v2/events endpoint. get back to me when you can.",Feature Request,Medium,false,false
"Hey, The chart renders an empty axis when a series has zreo values. Nobody else has evven mentioned it and we are not blocked in any way, purepy for your awareness. Thanks for your time.",Bug Report,Low,true,false
"Hi folks, Api latency went from milliseconds to several seconds since this morning. We need this sorted before the end of the week.",Technical Issue,High,true,false
Can we get a copy of your security questionnaire responses Let me know,General Inquiry,Critical,false,false
"Hey, Flagging this as important on our side. Archived records still show up in the onboarding flow by default. Let me know.",Bug Report,High,true,false
Submitting the form deletes the existing record instead of updating it Looking forward to your reply,Bug Report,High,false,false
Dear support team The bulk action applied itself to every record rather than the selected ones. Our executives are asking for updates every few minutes so this is urgent in the strongest sense of the word. Ticket raised on behalf of our workspace owner. Cheers.,Bug Report,Critical,true,false
"hello support, connections to your service drop after about two hours. this is more disruptive than it probably sounds.",Technical Issue,Medium,true,false
"Hi there, About 200 people have reported it internally. please prioritise this above the rest of our queue. The websocket connection to the permissions matrix keeps dropping and reconnecting.",Technical Issue,High,true,false
The login page rejects my correct password in chrome on android buut wrks elsewhere. Thanks!,Login/Access,Low,false,false
"Connections to your service drop after about three days. Nobody else has even mentioned it, so nothing depnds on this at all?!",Technical Issue,Low,true,false
The credit note you issued for inv-20415 never appeared on our statement. This keeps coming up and we are tired of it. Any help appreciated.,Billing,Medium,true,false
"A good portion of our users hit this daily, so our team lead has asked me to chase this Can we get a copy of your security questionnaire responses",General Inquiry,High,true,false
"Dear support team, Every request to /v2/invoices has returned 502 since this morning. This affects every customer we have which means we are in breach of our sla as of tthis morning which means we need someone on this immediately. Appreciate the help.",Technical Issue,Critical,true,false
"I need a copy of the receipt for inv-20415 for our finance team. Nobody else has even mentioned it, so it changes nothing about how we use the product and genuinely not a priority for us. Reference REF-77120 if that helps. Get back to me when you can.",Billing,Low,true,false
"Hello, I get a blank white screen on the search bar in chrome on android Looking forward to your reply",Bug Report,Low,false,false
responses from /v1/users have been returning truncated payloads. a whole department is working around this. it is eating into time we do not have. this started since yesterday. any help appreciated.,Technical Issue,High,true,false
"Hello, We were billed €1,450.00 for seats we cancelled and the card has already been debited Nothing is actually blocked because of it, so just putting it on your radar Get back to me when you can",Billing,Medium,true,false
"Hello, I need a copy of the receipt for txn-3391082 for our finance team. Nobody else has even mentioned it which means genuinely not a priority for us. It happens on Chrome on Android as well.",Billing,Low,true,false
"Hey, Submitting the form deletes the existing record instead of of updating it. Not one person here can get anything done and our executives are asking for updates every few minutes. Looking forward to your reply.",Bug Report,Critical,true,false
"morning, the modal on the api console cannot be closed once it opens in safari on ios 18. our developer confirmed the same behaviour on ios 18.1. please advise.",Bug Report,Low,false,false
It slows us down a little. Is an offline mode something that exists today or am i missing it. Thanks!,General Inquiry,Medium,true,false
A good portion of our users hit this daily. we are falling behind on a deadline because of it. our team lead has asked me to chase this. The /v2/invoices endpoint returns 404 intermittently. Reproduced by 12 different people here. Please advise.,Technical Issue,Medium,true,true
It affects one part of our workflow - it slows us down a little Access to the analytics view disappeared after our plan changed to pro,Login/Access,Medium,true,false
"Good morning, How long does it usually take for support to respond. It is more of an irritation than a problem. Any help appreciated.",General Inquiry,Medium,true,false
"Hi team, The /v1/users endpoint returns 429 intermittently. Thanks in advance.",Technical Issue,High,false,false
"Hello, What happens to our data if we ancel the pro plan. Appreciate the help.",General Inquiry,Low,false,false
My card was declined but the subscription still shows as active. We are on the Por plan. Happy to provide more detail if useful.,Billing,High,false,false
"The refund for txn-3391082 was approved since tuesday but has not landed. It is a single screen and nothing else, it changes nothing about how we use the product and just noting it for the record!!!!",Billing,Low,true,false
"Good morning, The search bar ignores hyphens so no results come back for hyphenated names We would really appreciate a fix within a day or two Looking forward to your reply",Technical Issue,High,true,true
"Hi folks, Percentages on the smmary card do not add up to 100. I checked the documentation first and could not find anything. Looking forward to your reply.",Bug Report,Critical,false,false
Having two-way calendar sync would remove the last manual step in our process. Somewhere in the middle of your queue would be fair. Please advise!!!!,Feature Request,High,true,false
"Morning, Where can i find documentation for the settings page. Sometime in the next few weeks would be fine. I have already tried clearinng the cache and reinstalling. Cheers.",General Inquiry,Medium,true,false
The bulk action applied itself to every record rather than the selected ones.,Technical Issue,High,false,true
"Hi folks, Does your api have a rate limit i should design around. We have a manual fallback that works and no particular deadline from our side. Looking forward to your reply.",General Inquiry,Medium,true,false
"hello support, it affects one part of our workflow. it slows us down a little, so just putting it on your radar. connections to your service drop after about three three days. get back to me when you can.",Technical Issue,Medium,true,false
whenever you happen to get to it is fine. i would like to update the billing address on our account. tried again ten minutes later with the same result. thanks!,Billing,Low,true,false
"Hi folks, Throughput dropped by half ever since the weekend with no change on our side. Let me know if you need screenshots.",Technical Issue,High,false,false
"hi support, we are being billed for 1,800 seats but only have 7 active users. any help appreciated.",Billing,High,false,false
The payment method on file expired nad i cannot update it in the settings page Not one person here can get anything done - we have had to pause operations entirely Please advise,Billing,Critical,true,false
"Morning, My session expires after a couple of minutes and logs me out. Only i have noticed it so far and nothing depends on this at all. This started since Tuesday.",Login/Access,Low,true,false
"Good morning, Timestamps Timestamps display in utc on hte invoiice list but in local time everywhere else. Reference ORD-88190 if that helps.",Bug Report,Low,false,false
"Hello, The chart renders an empty axis when a series has zero values. It does not really affect anything we do which means nothing depends on this at all. Get back to me when you can.",Bug Report,Low,true,false
Throughput dropped by by half for the last 48 hours with no change on our side. Any help appreciated.,Technical Issue,Medium,false,false
"Hi team, The date filter returns results outside the range i selected. Thanks in advance!!!",Bug Report,High,false,false
memory usage in our worker spikes whenever we call /v2/orders it is more of an irritation than a problem looking forward to your reply,Technical Issue,Medium,true,false
Good morning Our production environment is completely down so we need a call as soon as humanly possible. Every request to /v1/exports has returned err_connection_reset since this morning. Looking forward to your reply.,Technical Issue,Critical,true,false
"Morning, Can we extend the session timeout for our enterprise workspace. We are not blocked in any way - just noting it for the record.",Login/Access,Medium,true,true
"Morning, The total on the notifications panel shows a different number than the export Only a handful of us run into it, nothing is actually blocked because of it, so happy to wait for the next release Our workspace has about 500 users Happy to provide more detail if useful",Bug Report,Medium,true,false
Does the scale plan include saved filters This has zero impact on our work I checked the documentation first and could not find anything Thanks in advance,General Inquiry,Low,true,false
"Dear support team, Can we switch the starter subscription to invoice-based payment terms We have a manual fallback that works Reproduced by 3 different people here",Billing,Medium,true,false
"Hi team, I get a 403 when opening the admin console ven though i am a guest collaborator. It comes up maybe once a day which means no particular deadline from our side. Logged from our Business workspace.",Login/Access,Medium,true,false
The salesforce sync has BEEN failing with 404. Tried again a a few hours later with the sme result. Happy to provide more detail if useful.,Technical Issue,Critical,false,false
Requests from our android 15 build fail with 504 but curl works fine. No particular deadline frrom our side. Reference ORD-88190 if that helps.,Technical Issue,Medium,true,false
It slows us down a little and sometime in the next few weeks would be fine. The two factor code from my wuthenticator is rejected every time. Thanks for your time.,Login/Access,Medium,true,false
"hi there, i lost my phone and cannot get past the mfa prompt. several people on the team are affected and we are falling behind on a deadline because of it. our workspace has about 40 users.",Login/Access,High,true,false
"Hi folks, Please consider adding webhook retries to the roadmap. We are not blocked in any way. whenever you happen to get to it is fine. Thanks for your time.",Feature Request,Low,true,false
The ssl certificate on your api host looks like it is misconfigured. A couple of people have noticed it. Please advise!!,Technical Issue,Medium,true,false
Would you consider pdf export as as a paid add-on. Nothing depends on this at all and no response needed really. Thanks!,Feature Request,Low,true,false
The undo button restores the wrong version of the record. Let me know if you need screenshots.,Bug Report,High,false,false
"Hello, I cannot log in, the password reset email never arrives. It shows up every now and then which means worth looking at when you get a chance. Please advise!!!!",Login/Access,Medium,true,false
"Morning, The login page rejects my correct password in chrome incognito but works elsewhere. It does not really affect anything we do, absolutely no rush on this. Any help appreciated.",Login/Access,Low,true,false
"Hi folks, Data entered yesterday has dissappeared from the analytics view entirely. Only a handful of us run into it and it is more of an irritation than a problem and sometime in the nxt few weeks would be fine. Please advise.",Bug Report,Medium,true,false
Our card on file keeps failing even though the bank confirms it is fine. It shows up every now and then. would be good to have this fixed eventually. Thanks in advance?!,Billing,Medium,true,false
How do i invite a billing contact to our workspace. Nothing depends on this at all. We are on the Enterprise plan. Let me know if you need screenshots.,General Inquiry,Low,true,false
"A small suggestion, an audit trail would save our team a lot of clicks. A coupel of people have noticed it and we can work around it for now - would be good to have this fixed eventually!!!!",Feature Request,Medium,true,false
"Hi team, Editing a workspace owner and saving silently reverts the change. Thanks!",Bug Report,High,false,false
"good morning, having keyboard shortcuts would remove the last manuall step in our process it is affecting a few people here our developet confirmed thhe same behaviour on windoqs 11",Feature Request,High,true,false
"hey, the account recovery flow keeps asking for a code it never sends somewhere in the middle of your queue would be fair let me know if you nded screenshots",Login/Access,High,true,false
is sso with okta something that exists today or am i missing it. we lose a few minjtes here and there - no articular deadline from uor side.,General Inquiry,Medium,true,false
"Tue workspace owner left the company and we are locked out of settings Not one person here can get anything done, we are in breach of our sla as of this morning, we need a call as soon as humanly possible",Login/Access,Critical,true,false
what happens to our data if we cancel the business plan. not one person here can get anything done which means our executives are asking for updates every few minutes. please escalate this right now. it happens on chrome on android as well. looking forward to your reply.,General Inquiry,Critical,true,false
"Dear support team, Our team keeps asking for native mobile app, is it planned. WE have had to build a manual workaround to cope. Looking forward to your reply!!!!",Feature Request,High,true,false
"Dear support team, Uploading a file over 1,800 mb fails silently with no error shown. It shows up every now and then and it is more of an irritation than a problem. Appreciate the help.",Bug Report,Medium,true,false
"Hi folks, Only a handful of us run into it - it slows us down a little and NO particular deadline from our side. The magic link expires before i can click it.",Login/Access,Medium,true,false
"dear support team, our finance team needs invoices sent to a different email address. thanks in advance.",Billing,High,false,false
It comes up maybe once a day and it is more of an irritation than a problem - no particular deadline from our side. How do i invite a manager to our workspace. Thanks for your time.,General Inquiry,Medium,true,false
"Hey, A small suggestion, a native mobile app would save our team a lot of clicks. Let me know.",Feature Request,Medium,false,false
"Hi team, A whole department is working around this it is eating into time we do not have I waas knvited as a billing contact but the invitation link says it is invalid Get back to me when you can",Login/Access,High,true,false
The workspace owner left the company and we are locked out of settings. We need a call as soon as humanly possible.,Login/Access,Critical,true,false
"morning, not one person here can get anything done, our exectuives are asking for updates every few minutes, please treat thiss as a severity one incident. our webhooks stopped being delivered ever since the weekend. i have already tried clearing the cache and reinstalling. cheers?!",Technical Issue,Critical,true,false
"I get a blank white screen on the permissions matrix in chrome on android. About 1,800 people have reported it internally, so it is getting noticeably worse week on week.",Bug Report,High,true,false
"Hello, The permissions matrix takes over 45 seconds to load for everyone on our team. It affects one part of our workflow, so it is more of an irritation than a problem. Any help appreciated.",Technical Issue,Medium,true,false
"Hello support, Most of our billing contact accounts are running into it and our release this week is at risk. please prioritise this above the rest of our queue. We would love to see an offline mode integrated with hubspot. Looking forward to your reply.",Feature Request,High,true,false
I would like to update the billing address on our account Only i have noticed it so far - we are not blocked in any way which means no response needed really,Billing,Low,true,false
any chance you could support slack notifications for pro customers only a handful of us run into it which means it is more of an irritation than a problem happy to provide more detail if useful,Feature Request,High,true,true
"Hi team, Can you send a statement of all charges since 2026-09-09",Billing,Low,false,false
the modal on the notifications panel cannot be closed once it opens in brave. about 500 people have reported it internally and we are falling behind on a deadline because of it which means please prioritise this above the rest of our queue. reference ord-44812 if that helps. let me know.,Bug Report,High,true,false
"dear support team, my session expires after a couple of minutes and logs me out. please advise.",Login/Access,Low,false,false
"Hello support, The refund for ord-44812 was apprlved since the last release but has not landed. About 60 people have reported it internally which means our project timeline has already slipped once, we need this sorted before the end of the week. Thanks!",Billing,High,true,false
"Hi support, A good portion of our users hit this daily - we would really appreciate a fix within a day or two. Access to teh settings page disappeared fater our plan changed to starter. Happy to provide more detail if useful.",Login/Access,High,true,false
"hi support, please add a bulk edit action, every competitor we evaluated has it. it shows up every now and then which means we have a manual fallback that works. cheers.",Feature Request,Medium,true,false
"hi folks, could you add our company registration number to future invoices. it does not really affect anything we do, so we are not blocked in any way. let me know if you need screenshots.",Billing,Low,true,false
"Hello, Password reset says the account does not exist but i receive your billing email. Our project timeline has already slipped once. hoping for a quick turnaround if at all possible.",Login/Access,High,true,false
"Hello support, Why did bill jump from $1,204.50 to $9.99 with no plan change. Please advise.",Billing,Medium,false,false
duplicate entries appear every time i refresh the settings page. several people on the team wre affected which means we are falling behind on a deadline because of it. please advise.,Bug Report,High,true,false
"Hi there, Pagination skips the first item on page two.",Bug Report,Medium,false,false
"Hi there, We have a manual fallback that works, would be good to have this this fixed eventually. Timestamps display in utc on the notifications panel but in local time everywhere else!!!",Bug Report,Medium,true,false
"Hey, Where can i find documentation for the analytics view Only i have noticed it so far - this has zero impact on our work and purely for yourr awareness I checked the documentation first and could not find anything Looking forward to your reply",General Inquiry,Low,true,false
"Morning, Connections to your service drop after about about an hour Only i have noticed it so far and everything else works perfectly well, whenever you happen to get to it is fine",Technical Issue,Low,true,false
"Hi team, It matters to us but we are not on fire The websocket connection to the reports page keeps dropping and reconnecting",Technical Issue,Medium,true,false
"Hey, The api returns results in a different order between calls. It is a single screen and nothing else, so just noting it for the record. It happens on Firefox 133 as well?!",Technical Issue,Low,true,false
"hi folks, is there a plan to bring saved filters to the growth tier any help appreciated",Feature Request,Medium,false,false
We would like an api endpoint that mirrors export. Please prioritise this above the rest of our queue. Screenshots attached. Any help appreciated.,General Inquiry,High,true,true
"Are there best practices for organising the export tool at scale. It is eating into time we do not have, we would like an update today if you can manage it. Please advise.",General Inquiry,High,true,false
"Good morning, Timestamps display in utc on the notifications panel bit in local time everywhere else. Genuinely not a priority for us.",Bug Report,Low,true,false
"Morning, Please add jira integration, every competitor we evaluated has it. It is costing us hours every day and our team lead has asked me to chase this. Our developer confirmed the same behaviour on Windows 10. Let me know.",Feature Request,High,true,false
"Dear Dear support team, What happens to our data if we cancel the free plan. It is getting noticeably worse week on week. please prioritise this above the rest of our queue. It happens on Chrome incognito as well. Thanks in advance.",General Inquiry,High,true,false
"Hi folks, Our finance team needs invoices sent to a different email address. Nobody else has even mentioned it. everything else works perfectly well. Our developer confirmed the same behaviour on macOS 15.2. Cheers.",Billing,Low,true,false
"Hello support, Bulk imports of 25 records stall halfway through with no error It is spreading to more of the team as we onboard it is eating into time we do not have It happens on Chrome incognito as well",Technical Issue,High,true,false
"Hi support, Our project timeline has already slipped once Throughput dropped by half ever since the weekend with no change on our side Thanks for your time",Technical Issue,High,true,false
I would like to update the billing address on our account. Absolutely no rush on this. I checked the documentation first and could not find anything. Any help appreciated.,Billing,Low,true,false
Editing a guest collaborator and saving silently reverts the change Moderately important from where we sit Any help appreciated,Bug Report,High,true,false
"Hello, Could the export tool support sso with okta at some point. It is purely cosmetic which means just noting it for the record. I am on Chrome on Android running macOS 15.2.",Feature Request,Low,true,false
We have an active incident open on our side. Our contract renewal depends on bulk csv export being available.,Feature Request,Critical,true,false
"Hi there, Not critical but certainly not trivial either. Our auditor is asking where our data is stored and we have to answer today. Reproduced by 7 different people here. Appreciate the help.",General Inquiry,High,true,false
"Hi folks, What are your data retention policies for exported reports. It comes up maybe once a day and nothing is actually blocked because of it and happy to wait for the next release. Screenshots attached.",General Inquiry,Medium,true,false
the export contains another customer's rows mixed into ours. our launch today is at risk and please escalate this right now. thanks for your time!!!!,Bug Report,Critical,true,false
"Morning, The console throws a null reference error when i open the admin console. It affects one part of our workflow which means we lose a few minutes here and there and worth looking at when you gett a chance. I am on Edge 131 running Android 15. Get back to me when you can.",Bug Report,Medium,true,false
The refund for tkt-10233 was approved for about three days but has not landed Happy to provide more detail if useful,General Inquiry,High,false,true
It is costing us hours every day. flagging this as important on our side. My session expires after a couple of minutes and logs me out. Reproduced by 12 different people here.,Login/Access,High,true,false
"good morning, our auditor is asking where our data is stored and we have to answer today. thanks for your time.",General Inquiry,Critical,false,false
The ssl certificate on your api host looks like it is misconfigured. Reproduced by 60 different people here.,Technical Issue,Critical,false,false
"Hi there, Every single USER is affected, so we need a call as soon as humanly possible Thr csv export is missing teh last column on every row",Technical Issue,Critical,true,true
"Good morning, It is spreading to more of the team as we onboard, so our team lead has asked me to chase this. The export contains another customer's rows mixed into ours. This started all week. Thanks in advance.",Bug Report,High,true,false
"hello, our launch today is at risk. the websocket connection to the settings page keeps dropping and reconnecting. looking forward to your reply.",Technical Issue,Critical,true,false
The retry logic gets stuck in a loop because /v1/exports returns 404. Appreciate the help.,Technical Issue,Medium,false,false
"Hi support, I get a 403 when opening the invoice list even though i am a billing contact. Genuinely not a priority for us. Let me know.",Login/Access,Low,true,false
"Hey, We downgraded from free to growth but were still billed the old rate. Only i have noticed it so far, this has zero impact on our work.",Billing,Low,true,false
"Dear support team, My account is locked after a few failed attempts nad will not unlock. Please prioritise this above the rest of our queue. Our developer confirmed the same behaviour on Debian 12. Thanks in advance.",Login/Access,High,true,false
The csv export is missing the last column on every row Sveeral people on the team are affected and it is eatnig into time we do not have Appreciate the help,Bug Report,High,true,false
"Good morning, The credit note you issued for inv-99213 never appeared on our statement. Nobody else has even mentioned it, no response needed really.",Billing,Low,true,false
Hey Every request to /v2/events has returned 403 since yesterday. This is urgent in the strongest sense of the word. I am on Chrome incognito running Windows 10.,Technical Issue,Critical,true,false
"Hey, Our auditor is asking where our data is stored and we have to answer today. It affects one part of our workflow and nothing is actually blocked because of it. Tried again ten minutes later with the SAME result. Looking forward to your reply!!",General Inquiry,Medium,true,false
"Good morning, A good portion of our users hit this daily. The export contains another customer's rows mixed into ours. Get back to me when you can.",Bug Report,High,true,false
